/* SQL Manager for InterBase and Firebird 5.3.0.46603                               */
/* -------------------------------------------------------------------------------- */
/* Host     : localhost                                                             */
/* Database : C:\ControlProcesosAbbama\MedidasCotas\Win32\Debug\DBCotas\DBCOTAS.FDB */


CREATE DATABASE '127.0.0.1/gds_db:C:\ControlProcesosAbbama\MedidasCotas\Win32\Debug\DBCotas\DBCOTAS.FDB'   USER 'SYSDBA'
   PAGE_SIZE 4096
   DEFAULT CHARACTER SET NONE;

/* Structure for the `VALORMEDICION` table :  */

CREATE TABLE VALORMEDICION (
  ID INTEGER NOT NULL,
  PIEZA INTEGER,
  IDTOLERANCIA INTEGER,
  IDOPERARIO INTEGER,
  IDCONTROL INTEGER,
  IDPLANILLA INTEGER,
  VALORPIEZA DOUBLE PRECISION,
  VALORPNP VARCHAR(5) CHARACTER SET NONE,
  POSICION INTEGER,
  IDINSTRUMENTO INTEGER,
  FECHA TIMESTAMP,
  OP VARCHAR(10));


ALTER TABLE VALORMEDICION ADD PRIMARY KEY (ID) USING INDEX RDB$PRIMARY11;

/* Definition for the `ACTUALIZAR_MEDIDA` procedure :  */

SET TERM ^ ;

CREATE PROCEDURE ACTUALIZAR_MEDIDA(
  IDPLANILLAMEDIDA INTEGER,
  VALORCOTA FLOAT,
  CONTROLMEDIDA INTEGER,
  PIEZAMEDIDA INTEGER)
AS
BEGIN
  UPDATE
   VALORMEDICION
SET
   VALORMEDICION.VALORPIEZA = :valorCota
WHERE
   (VALORMEDICION.IDPLANILLA = :idPlanillaMedida) and (VALORMEDICION.IDCONTROL = :controlMedida) and (VALORMEDICION.PIEZA = :piezaMedida);

END^

SET TERM ; ^

/* Definition for the `ACTUALIZAR_MEDIDA_HERRAMIENTA` procedure :  */

SET TERM ^ ;

CREATE PROCEDURE ACTUALIZAR_MEDIDA_HERRAMIENTA(
  IDINSTRUMENTO INTEGER,
  IDPLANILLAMEDIDA INTEGER,
  CONTROLMEDIDA INTEGER,
  PIEZAMEDIDA INTEGER)
AS
BEGIN
  UPDATE
   VALORMEDICION
SET
   VALORMEDICION.IDINSTRUMENTO = :idInstrumento
   
WHERE
   (VALORMEDICION.IDPLANILLA = :idPlanillaMedida) and (VALORMEDICION.IDCONTROL = :controlMedida) and (VALORMEDICION.PIEZA = :piezaMedida);

END^

SET TERM ; ^

/* Definition for the `ACTUALIZAR_PNP` procedure :  */

SET TERM ^ ;

CREATE PROCEDURE ACTUALIZAR_PNP(
  VALORPNP VARCHAR(2) CHARACTER SET NONE,
  IDPLANILLAMEDIDA INTEGER,
  CONTROLPNP INTEGER,
  PIEZAPNP INTEGER)
AS
BEGIN
 UPDATE
   VALORMEDICION
SET
   VALORMEDICION.VALORPNP = :valorPNP
WHERE
   (VALORMEDICION.IDPLANILLA = :idPlanillaMedida) and (VALORMEDICION.IDCONTROL = :ControlPNP) and (VALORMEDICION.PIEZA = :piezaPNP);
END^

SET TERM ; ^

/* Structure for the `CONTROLES` table :  */

CREATE TABLE CONTROLES (
  ID INTEGER NOT NULL,
  NOMBRE VARCHAR(50) CHARACTER SET NONE,
  ESCONTROL VARCHAR(5) CHARACTER SET NONE DEFAULT 'SI');


ALTER TABLE CONTROLES ADD PRIMARY KEY (ID) USING INDEX RDB$PRIMARY5;

/* Definition for the `AGREGAR_CONTROLES` procedure :  */

SET TERM ^ ;

CREATE PROCEDURE AGREGAR_CONTROLES(
  VALORNOMBRE VARCHAR(50) CHARACTER SET NONE)
AS
BEGIN
    INSERT INTO CONTROLES (CONTROLES.NOMBRE, CONTROLES.ESCONTROL)  VALUES (:VALORNOMBRE, 'SI');
END^

SET TERM ; ^

/* Structure for the `PROCESOS` table :  */

CREATE TABLE PROCESOS (
  ID INTEGER NOT NULL,
  IDPROCESO INTEGER,
  IDCONTROL INTEGER,
  IDELEMENTO INTEGER,
  POSICION INTEGER,
  IDENCABEZADO INTEGER,
  IDARTICULO INTEGER);


ALTER TABLE PROCESOS ADD PRIMARY KEY (ID) USING INDEX RDB$PRIMARY9;


CREATE INDEX IDX_PROCESOS ON PROCESOS(IDPROCESO);

/* Definition for the `AGREGAR_CONTROLES_PROCESOS` procedure :  */

SET TERM ^ ;

CREATE PROCEDURE AGREGAR_CONTROLES_PROCESOS(
  VALORELEMENTO INTEGER,
  VALORPROCESO INTEGER,
  VALORCONTROL INTEGER,
  VALORPOSICION INTEGER,
  VALORIDENCABEZADO INTEGER,
  VALORARTICULO INTEGER)
AS
BEGIN
   if (VALORIDENCABEZADO <> 0) then
      INSERT INTO PROCESOS (PROCESOS.IDPROCESO, PROCESOS.IDELEMENTO, PROCESOS.IDCONTROL, PROCESOS.POSICION, PROCESOS.IDENCABEZADO, PROCESOS.IDARTICULO)  VALUES (:VALORPROCESO, :VALORELEMENTO, :VALORCONTROL, :VALORPOSICION, :VALORIDENCABEZADO, :VALORARTICULO);

END^

SET TERM ; ^

/* Definition for the `CONTROLES_ID_GEN` generator :  */

CREATE GENERATOR CONTROLES_ID_GEN;

SET GENERATOR CONTROLES_ID_GEN TO 295;

/* Definition for the `BI_CONTROLES_ID` trigger :  */

SET TERM ^ ;

CREATE TRIGGER BI_CONTROLES_ID FOR CONTROLES
ACTIVE BEFORE INSERT
POSITION 0
AS
BEGIN
  IF (NEW.ID IS NULL) THEN
      NEW.ID = GEN_ID(CONTROLES_ID_GEN, 1);
END^

SET TERM ; ^

/* Structure for the `PLANILLAMEDICION` table :  */

CREATE TABLE PLANILLAMEDICION (
  ID INTEGER NOT NULL,
  PROYECTO VARCHAR(20) CHARACTER SET NONE,
  NUMOP INTEGER,
  IDPROCESO INTEGER,
  CANTIDAD FLOAT,
  CANTIDADREALIZADA FLOAT,
  IDCLIENTE INTEGER,
  IDELABORADOR INTEGER,
  IDAPROBADOR INTEGER,
  FECHAELABORADOR DATE,
  FECHAAPROBADOR DATE,
  IDELEMENTO INTEGER,
  IDARTICULO INTEGER);


ALTER TABLE PLANILLAMEDICION ADD PRIMARY KEY (ID) USING INDEX RDB$PRIMARY1;

/* Definition for the `PLANILLAMEDICION_ID_GEN` generator :  */

CREATE GENERATOR PLANILLAMEDICION_ID_GEN;

SET GENERATOR PLANILLAMEDICION_ID_GEN TO 415;

/* Definition for the `BI_PLANILLAMEDICION_ID` trigger :  */

SET TERM ^ ;

CREATE TRIGGER BI_PLANILLAMEDICION_ID FOR PLANILLAMEDICION
ACTIVE BEFORE INSERT
POSITION 0
AS
BEGIN
  IF (NEW.ID IS NULL) THEN
      NEW.ID = GEN_ID(PLANILLAMEDICION_ID_GEN, 1);
END^

SET TERM ; ^

/* Definition for the `PROCESOS_ID_GEN` generator :  */

CREATE GENERATOR PROCESOS_ID_GEN;

SET GENERATOR PROCESOS_ID_GEN TO 1969;

/* Definition for the `BI_PROCESOS_ID` trigger :  */

SET TERM ^ ;

CREATE TRIGGER BI_PROCESOS_ID FOR PROCESOS
ACTIVE BEFORE INSERT
POSITION 0
AS
BEGIN
  IF (NEW.ID IS NULL) THEN
      NEW.ID = GEN_ID(PROCESOS_ID_GEN, 1);
END^

SET TERM ; ^

/* Structure for the `TOLERANCIAS` table :  */

CREATE TABLE TOLERANCIAS (
  ID INTEGER NOT NULL,
  IDPLANILLA INTEGER,
  MINIMO DECIMAL(12, 2),
  NOMINAL DECIMAL(12, 2),
  MAXIMO DECIMAL(12, 2),
  IDESTADO INTEGER,
  IDCONTROL INTEGER,
  IDOPERARIO SMALLINT,
  IDPROCESO INTEGER,
  IDTABLAPROCESO INTEGER,
  POSICION INTEGER,
  IDENCABEZADO INTEGER,
  IDINSTRUMENTO INTEGER);


ALTER TABLE TOLERANCIAS ADD PRIMARY KEY (ID) USING INDEX RDB$PRIMARY10;

ALTER TABLE TOLERANCIAS ADD CONSTRAINT FK_TOLERANCIAS FOREIGN KEY (IDTABLAPROCESO) REFERENCES PROCESOS(ID) ON DELETE CASCADE ON UPDATE CASCADE;

/* Definition for the `TOLERANCIAS_ID_GEN` generator :  */

CREATE GENERATOR TOLERANCIAS_ID_GEN;

SET GENERATOR TOLERANCIAS_ID_GEN TO 1786;

/* Definition for the `BI_TOLERANCIAS_ID` trigger :  */

SET TERM ^ ;

CREATE TRIGGER BI_TOLERANCIAS_ID FOR TOLERANCIAS
ACTIVE BEFORE INSERT
POSITION 0
AS
BEGIN
  IF (NEW.ID IS NULL) THEN
      NEW.ID = GEN_ID(TOLERANCIAS_ID_GEN, 1);
END^

SET TERM ; ^

/* Definition for the `TOLERANCIAS_IDPROCESO_GEN` generator :  */

CREATE GENERATOR TOLERANCIAS_IDPROCESO_GEN;

SET GENERATOR TOLERANCIAS_IDPROCESO_GEN TO 33;

/* Definition for the `BI_TOLERANCIAS_IDPROCESO` trigger :  */

SET TERM ^ ;

CREATE TRIGGER BI_TOLERANCIAS_IDPROCESO FOR TOLERANCIAS
ACTIVE BEFORE INSERT
POSITION 0
AS
BEGIN
  IF (NEW.IDPROCESO IS NULL) THEN
      NEW.IDPROCESO = GEN_ID(TOLERANCIAS_IDPROCESO_GEN, 1);
END^

SET TERM ; ^

/* Definition for the `VALORMEDICION_ID_GEN` generator :  */

CREATE GENERATOR VALORMEDICION_ID_GEN;

SET GENERATOR VALORMEDICION_ID_GEN TO 12426;

/* Definition for the `BI_VALORMEDICION_ID` trigger :  */

SET TERM ^ ;

CREATE TRIGGER BI_VALORMEDICION_ID FOR VALORMEDICION
ACTIVE BEFORE INSERT
POSITION 0
AS
BEGIN
  IF (NEW.ID IS NULL) THEN
      NEW.ID = GEN_ID(VALORMEDICION_ID_GEN, 1);
END^

SET TERM ; ^

/* Definition for the `BORRAR_PIEZA` procedure :  */

SET TERM ^ ;

CREATE PROCEDURE BORRAR_PIEZA(
  NUMEROPIEZA INTEGER)
AS
BEGIN
	DELETE FROM VALORMEDICION  
	WHERE VALORMEDICION.PIEZA IN(SELECT VALORMEDICION.PIEZA
                 FROM VALORMEDICION WHERE VALORMEDICION.PIEZA = :numeropieza);
END^

SET TERM ; ^

/* Definition for the `CONTROLES_ID_AUTOINC` procedure :  */

SET TERM ^ ;

CREATE PROCEDURE CONTROLES_ID_AUTOINC
RETURNS(
  NEW_VALUE INTEGER)
AS
BEGIN
  NEW_VALUE = GEN_ID(CONTROLES_ID_GEN, 1);
END^

SET TERM ; ^

/* Definition for the `PLANILLAMEDICION_ID_AUTOINC` procedure :  */

SET TERM ^ ;

CREATE PROCEDURE PLANILLAMEDICION_ID_AUTOINC
RETURNS(
  NEW_VALUE INTEGER)
AS
BEGIN
  NEW_VALUE = GEN_ID(PLANILLAMEDICION_ID_GEN, 1);
END^

SET TERM ; ^

/* Definition for the `PROCESOS_ID_AUTOINC` procedure :  */

SET TERM ^ ;

CREATE PROCEDURE PROCESOS_ID_AUTOINC
RETURNS(
  CODIGO INTEGER)
AS
BEGIN
  Codigo = GEN_ID(PROCESOS_ID_GEN, 1);
END^

SET TERM ; ^

/* Definition for the `REPORTE_CALIDAD` view :  */

CREATE VIEW REPORTE_CALIDAD(
  MAXIMO,
  NOMINAL,
  IDCONTROL,
  MINIMO,
  IDPLANILLA,
  NOMBRE,
  PIEZA,
  ESCONTROL,
  VALORPIEZA,
  VALORPNP,
  NUMOP)
AS
SELECT 
  TOLERANCIAS.MAXIMO,
  TOLERANCIAS.NOMINAL,
  TOLERANCIAS.IDCONTROL,
  TOLERANCIAS.MINIMO,
  TOLERANCIAS.IDPLANILLA,
  CONTROLES.NOMBRE,
  VALORMEDICION.PIEZA,
  CONTROLES.ESCONTROL,
  VALORMEDICION.VALORPIEZA,
  VALORMEDICION.VALORPNP,
  PLANILLAMEDICION.NUMOP
FROM
  PLANILLAMEDICION
  LEFT OUTER JOIN TOLERANCIAS ON (PLANILLAMEDICION.ID = TOLERANCIAS.IDPLANILLA)
  LEFT OUTER JOIN VALORMEDICION ON (TOLERANCIAS.IDCONTROL = VALORMEDICION.IDCONTROL)
  AND (TOLERANCIAS.IDPLANILLA = VALORMEDICION.IDPLANILLA)
  INNER JOIN CONTROLES ON (TOLERANCIAS.IDCONTROL = CONTROLES.ID)
WHERE(PLANILLAMEDICION.NUMOP = 37019) and (VALORMEDICION.PIEZA = 1)  
ORDER BY
  TOLERANCIAS.ID;

/* Definition for the `TOLERANCIAS_IDPROCESO_AUTOINC` procedure :  */

SET TERM ^ ;

CREATE PROCEDURE TOLERANCIAS_IDPROCESO_AUTOINC
RETURNS(
  NEW_VALUE INTEGER)
AS
BEGIN
  NEW_VALUE = GEN_ID(TOLERANCIAS_IDPROCESO_GEN, 1);
END^

SET TERM ; ^

/* Definition for the `TOLERANCIAS_ID_AUTOINC` procedure :  */

SET TERM ^ ;

CREATE PROCEDURE TOLERANCIAS_ID_AUTOINC
RETURNS(
  NEW_VALUE INTEGER)
AS
BEGIN
  NEW_VALUE = GEN_ID(TOLERANCIAS_ID_GEN, 1);
END^

SET TERM ; ^

/* Definition for the `VALORMEDICION_ID_AUTOINC` procedure :  */

SET TERM ^ ;

CREATE PROCEDURE VALORMEDICION_ID_AUTOINC
RETURNS(
  NEW_VALUE INTEGER)
AS
BEGIN
  NEW_VALUE = GEN_ID(VALORMEDICION_ID_GEN, 1);
END^

SET TERM ; ^

/* Definition for the `VISTA_MEDIDAS` view :  */

CREATE VIEW VISTA_MEDIDAS(
  ID,
  MAXIMO,
  NOMINAL,
  IDCONTROL,
  MINIMO,
  IDPLANILLA,
  NOMBRE,
  PIEZA,
  ESCONTROL,
  VALORPIEZA,
  VALORPNP,
  POSICION,
  IDINSTRUMENTO)
AS
SELECT distinct
  VALORMEDICION.ID,
  TOLERANCIAS.MAXIMO,
  TOLERANCIAS.NOMINAL,
  TOLERANCIAS.IDCONTROL,
  TOLERANCIAS.MINIMO,
  TOLERANCIAS.IDPLANILLA,
  CONTROLES.NOMBRE,
  VALORMEDICION.PIEZA,
  CONTROLES.ESCONTROL,
  VALORMEDICION.VALORPIEZA,
  VALORMEDICION.VALORPNP,
  VALORMEDICION.POSICION,
  VALORMEDICION.IDINSTRUMENTO
FROM
  TOLERANCIAS
  LEFT JOIN VALORMEDICION ON (TOLERANCIAS.IDCONTROL = VALORMEDICION.IDCONTROL)
  AND (TOLERANCIAS.IDPLANILLA = VALORMEDICION.IDPLANILLA)
  LEFT JOIN CONTROLES ON (TOLERANCIAS.IDCONTROL = CONTROLES.ID)
  LEFT JOIN PLANILLAMEDICION ON (PLANILLAMEDICION.IDPROCESO = TOLERANCIAS.IDPLANILLA)
ORDER BY
  VALORMEDICION.ID;

/* Structure for the `ARTICULOS` table :  */

CREATE TABLE ARTICULOS (
  ID INTEGER,
  NOMBRE VARCHAR(20) CHARACTER SET NONE);

/* Definition for the `AGREGAR_ARTICULO` procedure :  */

SET TERM ^ ;

CREATE PROCEDURE AGREGAR_ARTICULO(
  VALORARTICULO VARCHAR(20) CHARACTER SET NONE)
AS
BEGIN
    INSERT INTO ARTICULOS (ARTICULOS.NOMBRE)  VALUES (:VALORARTICULO);
END^

SET TERM ; ^

/* Definition for the `ARTICULOS_ID_GEN` generator :  */

CREATE GENERATOR ARTICULOS_ID_GEN;

SET GENERATOR ARTICULOS_ID_GEN TO 60;

/* Definition for the `ARTICULOS_ID_AUTOINC` procedure :  */

SET TERM ^ ;

CREATE PROCEDURE ARTICULOS_ID_AUTOINC
RETURNS(
  NEW_VALUE INTEGER)
AS
BEGIN
  NEW_VALUE = GEN_ID(ARTICULOS_ID_GEN, 1);
END^

SET TERM ; ^

/* Definition for the `BI_ARTICULOS_ID` trigger :  */

SET TERM ^ ;

CREATE TRIGGER BI_ARTICULOS_ID FOR ARTICULOS
ACTIVE BEFORE INSERT
POSITION 0
AS
BEGIN
  IF (NEW.ID IS NULL) THEN
      NEW.ID = GEN_ID(ARTICULOS_ID_GEN, 1);
END^

SET TERM ; ^

/* Structure for the `ELEMENTOS` table :  */

CREATE TABLE ELEMENTOS (
  ID INTEGER NOT NULL,
  NOMBRE VARCHAR(50) CHARACTER SET NONE);


ALTER TABLE ELEMENTOS ADD PRIMARY KEY (ID) USING INDEX RDB$PRIMARY8;

/* Definition for the `AGREGAR_ELEMENTO` procedure :  */

SET TERM ^ ;

CREATE PROCEDURE AGREGAR_ELEMENTO(
  VALORELEMENTO VARCHAR(50) CHARACTER SET NONE)
AS
BEGIN
    INSERT INTO ELEMENTOS (ELEMENTOS.NOMBRE)  VALUES (:VALORElemento);
END^

SET TERM ; ^

/* Definition for the `ELEMENTOS_ID_GEN` generator :  */

CREATE GENERATOR ELEMENTOS_ID_GEN;

SET GENERATOR ELEMENTOS_ID_GEN TO 126;

/* Definition for the `BI_ELEMENTOS_ID` trigger :  */

SET TERM ^ ;

CREATE TRIGGER BI_ELEMENTOS_ID FOR ELEMENTOS
ACTIVE BEFORE INSERT
POSITION 0
AS
BEGIN
  IF (NEW.ID IS NULL) THEN
      NEW.ID = GEN_ID(ELEMENTOS_ID_GEN, 1);
END^

SET TERM ; ^

/* Definition for the `ELEMENTOS_ID_AUTOINC` procedure :  */

SET TERM ^ ;

CREATE PROCEDURE ELEMENTOS_ID_AUTOINC
RETURNS(
  NEW_VALUE INTEGER)
AS
BEGIN
  NEW_VALUE = GEN_ID(ELEMENTOS_ID_GEN, 1);
END^

SET TERM ; ^

/* Structure for the `ENCABEZADOPROCESOS` table :  */

CREATE TABLE ENCABEZADOPROCESOS (
  ID INTEGER NOT NULL,
  IDELEMENTO INTEGER,
  IDARTICULO INTEGER,
  IDPROCESO INTEGER);


ALTER TABLE ENCABEZADOPROCESOS ADD PRIMARY KEY (ID) USING INDEX RDB$PRIMARY6;

/* Definition for the `AGREGAR_ELEMENTO_CABECERA` procedure :  */

SET TERM ^ ;

CREATE PROCEDURE AGREGAR_ELEMENTO_CABECERA
RETURNS(
  VALORIDELEMENTO INTEGER)
AS
BEGIN
INSERT INTO ENCABEZADOPROCESOS (ENCABEZADOPROCESOS.IDELEMENTO)  VALUES (:VALORIdElemento);
  
END^

SET TERM ; ^

/* Definition for the `ENCABEZADOPROCESOS_ID_GEN` generator :  */

CREATE GENERATOR ENCABEZADOPROCESOS_ID_GEN;

SET GENERATOR ENCABEZADOPROCESOS_ID_GEN TO 244;

/* Definition for the `BI_ENCABEZADOPROCESOS_ID` trigger :  */

SET TERM ^ ;

CREATE TRIGGER BI_ENCABEZADOPROCESOS_ID FOR ENCABEZADOPROCESOS
ACTIVE BEFORE INSERT
POSITION 0
AS
BEGIN
  IF (NEW.ID IS NULL) THEN
      NEW.ID = GEN_ID(ENCABEZADOPROCESOS_ID_GEN, 1);
END^

SET TERM ; ^

/* Definition for the `BORRA_PROCESO` procedure :  */

SET TERM ^ ;

CREATE PROCEDURE BORRA_PROCESO(
  CODIGOPROCESO INTEGER)
AS
BEGIN
	DELETE FROM ENCABEZADOPROCESOS
  WHERE ENCABEZADOPROCESOS.ID = :codigoproceso;
END^

SET TERM ; ^

/* Definition for the `ENCABEZADOPROCESOS_ID_AUTOINC` procedure :  */

SET TERM ^ ;

CREATE PROCEDURE ENCABEZADOPROCESOS_ID_AUTOINC
RETURNS(
  NEW_VALUE INTEGER)
AS
BEGIN
  NEW_VALUE = GEN_ID(ENCABEZADOPROCESOS_ID_GEN, 1);
END^

SET TERM ; ^

/* Structure for the `NOMBREPROCESO` table :  */

CREATE TABLE NOMBREPROCESO (
  ID INTEGER NOT NULL,
  NOMBRE VARCHAR(50) CHARACTER SET NONE);


ALTER TABLE NOMBREPROCESO ADD PRIMARY KEY (ID) USING INDEX RDB$PRIMARY17;

/* Definition for the `AGREGAR_PROCESOS` procedure :  */

SET TERM ^ ;

CREATE PROCEDURE AGREGAR_PROCESOS(
  VALORPROCESO VARCHAR(50) CHARACTER SET NONE)
AS
BEGIN
    INSERT INTO NOMBREPROCESO (NOMBREPROCESO.NOMBRE)  VALUES (:VALORPROCESO);
END^

SET TERM ; ^

/* Definition for the `NOMBREPROCESO_ID_GEN` generator :  */

CREATE GENERATOR NOMBREPROCESO_ID_GEN;

SET GENERATOR NOMBREPROCESO_ID_GEN TO 56;

/* Definition for the `BI_NOMBREPROCESO_ID` trigger :  */

SET TERM ^ ;

CREATE TRIGGER BI_NOMBREPROCESO_ID FOR NOMBREPROCESO
ACTIVE BEFORE INSERT
POSITION 0
AS
BEGIN
  IF (NEW.ID IS NULL) THEN
      NEW.ID = GEN_ID(NOMBREPROCESO_ID_GEN, 1);
END^

SET TERM ; ^

/* Definition for the `NOMBREPROCESO_ID_AUTOINC` procedure :  */

SET TERM ^ ;

CREATE PROCEDURE NOMBREPROCESO_ID_AUTOINC
RETURNS(
  NEW_VALUE INTEGER)
AS
BEGIN
  NEW_VALUE = GEN_ID(NOMBREPROCESO_ID_GEN, 1);
END^

SET TERM ; ^

/* Structure for the `CARGO` table :  */

CREATE TABLE CARGO (
  ID INTEGER NOT NULL,
  NOMBRE VARCHAR(20) CHARACTER SET NONE);


ALTER TABLE CARGO ADD PRIMARY KEY (ID) USING INDEX RDB$PRIMARY2;

/* Definition for the `CARGO_ID_GEN` generator :  */

CREATE GENERATOR CARGO_ID_GEN;

/* Definition for the `BI_CARGO_ID` trigger :  */

SET TERM ^ ;

CREATE TRIGGER BI_CARGO_ID FOR CARGO
INACTIVE BEFORE INSERT
POSITION 0
AS
BEGIN
  IF (NEW.ID IS NULL) THEN
      NEW.ID = GEN_ID(CARGO_ID_GEN, 1);
END^

SET TERM ; ^

/* Structure for the `EMPLEADOS` table :  */

CREATE TABLE EMPLEADOS (
  ID INTEGER NOT NULL,
  USUARIO VARCHAR(20) CHARACTER SET NONE,
  CLAVE_2 VARCHAR(20) CHARACTER SET NONE,
  "PASSWORD" VARCHAR(20) CHARACTER SET NONE,
  NOMBRE VARCHAR(30) CHARACTER SET NONE,
  APELLIDO VARCHAR(20) CHARACTER SET NONE,
  IDSECTOR INTEGER,
  IDNIVEL INTEGER DEFAULT '0',
  IDCARGO INTEGER,
  LEGAJO VARCHAR(10) CHARACTER SET NONE,
  IDMAIL INTEGER);


ALTER TABLE EMPLEADOS ADD PRIMARY KEY (ID) USING INDEX RDB$PRIMARY3;

/* Definition for the `EMPLEADOS_ID_AUTOINC1` generator :  */

CREATE GENERATOR EMPLEADOS_ID_AUTOINC1;

SET GENERATOR EMPLEADOS_ID_AUTOINC1 TO 405;

/* Definition for the `BI_EMPLEADOS_ID` trigger :  */

SET TERM ^ ;

CREATE TRIGGER BI_EMPLEADOS_ID FOR EMPLEADOS
INACTIVE BEFORE INSERT
POSITION 0
AS
BEGIN
  IF (NEW.ID IS NULL) THEN
      NEW.ID = GEN_ID(EMPLEADOS_ID_AUTOINC1, 1);
END^

SET TERM ; ^

/* Structure for the `NIVEL` table :  */

CREATE TABLE NIVEL (
  ID INTEGER NOT NULL,
  NIVEL VARCHAR(20) CHARACTER SET NONE);


ALTER TABLE NIVEL ADD PRIMARY KEY (ID) USING INDEX RDB$PRIMARY7;

/* Definition for the `NIVEL_ID_GEN` generator :  */

CREATE GENERATOR NIVEL_ID_GEN;

/* Definition for the `BI_NIVEL_ID` trigger :  */

SET TERM ^ ;

CREATE TRIGGER BI_NIVEL_ID FOR NIVEL
INACTIVE BEFORE INSERT
POSITION 0
AS
BEGIN
  IF (NEW.ID IS NULL) THEN
      NEW.ID = GEN_ID(NIVEL_ID_GEN, 1);
END^

SET TERM ; ^

/* Definition for the `CARGO_ID_AUTOINC` procedure :  */

SET TERM ^ ;

CREATE PROCEDURE CARGO_ID_AUTOINC
RETURNS(
  NEW_VALUE INTEGER)
AS
BEGIN
  NEW_VALUE = GEN_ID(CARGO_ID_GEN, 1);
END^

SET TERM ; ^

/* Definition for the `EMPLEADOS_ID_AUTOINC` procedure :  */

SET TERM ^ ;

CREATE PROCEDURE EMPLEADOS_ID_AUTOINC
RETURNS(
  CODIGO INTEGER)
AS
BEGIN
  Codigo = GEN_ID(EMPLEADOS_ID_AUTOINC1, 1);
END^

SET TERM ; ^

/* Definition for the `NIVEL_ID_AUTOINC` procedure :  */

SET TERM ^ ;

CREATE PROCEDURE NIVEL_ID_AUTOINC
RETURNS(
  NEW_VALUE INTEGER)
AS
BEGIN
  NEW_VALUE = GEN_ID(NIVEL_ID_GEN, 1);
END^

SET TERM ; ^

/* Definition for the `VISTA_EMPLEADOS` view :  */

CREATE VIEW VISTA_EMPLEADOS(
  ID,
  NOMBRE,
  APELLIDO,
  NIVEL,
  NOMBRE1)
AS
SELECT 
  EMPLEADOS.ID,
  EMPLEADOS.NOMBRE,
  EMPLEADOS.APELLIDO,
  NIVEL.NIVEL,
  CARGO.NOMBRE
FROM
  EMPLEADOS
  INNER JOIN NIVEL ON (EMPLEADOS.IDNIVEL = NIVEL.ID)
  INNER JOIN CARGO ON (EMPLEADOS.IDCARGO = CARGO.ID);

/* Structure for the `CLIENTE` table :  */

CREATE TABLE CLIENTE (
  ID INTEGER,
  CLIENTE VARCHAR(100) CHARACTER SET NONE);

/* Definition for the `CLIENTE_ID_GEN` generator :  */

CREATE GENERATOR CLIENTE_ID_GEN;

SET GENERATOR CLIENTE_ID_GEN TO 10;

/* Definition for the `BI_CLIENTE_ID` trigger :  */

SET TERM ^ ;

CREATE TRIGGER BI_CLIENTE_ID FOR CLIENTE
ACTIVE BEFORE INSERT
POSITION 0
AS
BEGIN
  IF (NEW.ID IS NULL) THEN
      NEW.ID = GEN_ID(CLIENTE_ID_GEN, 1);
END^

SET TERM ; ^

/* Definition for the `CLIENTE_ID_AUTOINC` procedure :  */

SET TERM ^ ;

CREATE PROCEDURE CLIENTE_ID_AUTOINC
RETURNS(
  NEW_VALUE INTEGER)
AS
BEGIN
  NEW_VALUE = GEN_ID(CLIENTE_ID_GEN, 1);
END^

SET TERM ; ^

/* Structure for the `CONTROLEXTERNO` table :  */

CREATE TABLE CONTROLEXTERNO (
  ID INTEGER NOT NULL,
  IDINSTRUMENTO INTEGER,
  FECHA DATE,
  IDRESPONSABLE INTEGER,
  IDESTADO INTEGER);


ALTER TABLE CONTROLEXTERNO ADD PRIMARY KEY (ID) USING INDEX RDB$PRIMARY26;

/* Definition for the `CONTROLEXTERNO_ID_GEN` generator :  */

CREATE GENERATOR CONTROLEXTERNO_ID_GEN;

/* Definition for the `BI_CONTROLEXTERNO_ID` trigger :  */

SET TERM ^ ;

CREATE TRIGGER BI_CONTROLEXTERNO_ID FOR CONTROLEXTERNO
ACTIVE BEFORE INSERT
POSITION 0
AS
BEGIN
  IF (NEW.ID IS NULL) THEN
      NEW.ID = GEN_ID(CONTROLEXTERNO_ID_GEN, 1);
END^

SET TERM ; ^

/* Definition for the `CONTROLEXTERNO_ID_AUTOINC` procedure :  */

SET TERM ^ ;

CREATE PROCEDURE CONTROLEXTERNO_ID_AUTOINC
RETURNS(
  NEW_VALUE INTEGER)
AS
BEGIN
  NEW_VALUE = GEN_ID(CONTROLEXTERNO_ID_GEN, 1);
END^

SET TERM ; ^

/* Structure for the `DESTINATARIO` table :  */

CREATE TABLE DESTINATARIO (
  ID INTEGER NOT NULL,
  NOMBRE VARCHAR(50) CHARACTER SET NONE);


ALTER TABLE DESTINATARIO ADD PRIMARY KEY (ID) USING INDEX RDB$PRIMARY30;

/* Definition for the `DESTINATARIO_ID_GEN` generator :  */

CREATE GENERATOR DESTINATARIO_ID_GEN;

/* Definition for the `BI_DESTINATARIO_ID` trigger :  */

SET TERM ^ ;

CREATE TRIGGER BI_DESTINATARIO_ID FOR DESTINATARIO
ACTIVE BEFORE INSERT
POSITION 0
AS
BEGIN
  IF (NEW.ID IS NULL) THEN
      NEW.ID = GEN_ID(DESTINATARIO_ID_GEN, 1);
END^

SET TERM ; ^

/* Definition for the `DESTINATARIO_ID_AUTOINC` procedure :  */

SET TERM ^ ;

CREATE PROCEDURE DESTINATARIO_ID_AUTOINC
RETURNS(
  NEW_VALUE INTEGER)
AS
BEGIN
  NEW_VALUE = GEN_ID(DESTINATARIO_ID_GEN, 1);
END^

SET TERM ; ^

/* Structure for the `EMAILEXTERNO` table :  */

CREATE TABLE EMAILEXTERNO (
  ID INTEGER NOT NULL,
  NOMBRE VARCHAR(30) CHARACTER SET NONE,
  EMAIL VARCHAR(50) CHARACTER SET NONE);


ALTER TABLE EMAILEXTERNO ADD PRIMARY KEY (ID) USING INDEX RDB$PRIMARY46;

/* Definition for the `EMAILEXTERNO_ID_GEN1` generator :  */

CREATE GENERATOR EMAILEXTERNO_ID_GEN1;

SET GENERATOR EMAILEXTERNO_ID_GEN1 TO 3;

/* Definition for the `BI_EMAILEXTERNO_ID` trigger :  */

SET TERM ^ ;

CREATE TRIGGER BI_EMAILEXTERNO_ID FOR EMAILEXTERNO
ACTIVE BEFORE INSERT
POSITION 0
AS
BEGIN
  IF (NEW.ID IS NULL) THEN
      NEW.ID = GEN_ID(EMAILEXTERNO_ID_GEN1, 1);
END^

SET TERM ; ^

/* Definition for the `EMAILEXTERNO_ID_AUTOINC1` procedure :  */

SET TERM ^ ;

CREATE PROCEDURE EMAILEXTERNO_ID_AUTOINC1
RETURNS(
  NEW_VALUE INTEGER)
AS
BEGIN
  NEW_VALUE = GEN_ID(EMAILEXTERNO_ID_GEN1, 1);
END^

SET TERM ; ^

/* Structure for the `EMAILINTERNO` table :  */

CREATE TABLE EMAILINTERNO (
  ID INTEGER NOT NULL,
  EMAIL VARCHAR(50) CHARACTER SET NONE);


ALTER TABLE EMAILINTERNO ADD PRIMARY KEY (ID) USING INDEX RDB$PRIMARY45;

/* Definition for the `EMAILINTERNO_ID_GEN` generator :  */

CREATE GENERATOR EMAILINTERNO_ID_GEN;

SET GENERATOR EMAILINTERNO_ID_GEN TO 18;

/* Definition for the `BI_EMAILINTERNO_ID` trigger :  */

SET TERM ^ ;

CREATE TRIGGER BI_EMAILINTERNO_ID FOR EMAILINTERNO
ACTIVE BEFORE INSERT
POSITION 0
AS
BEGIN
  IF (NEW.ID IS NULL) THEN
      NEW.ID = GEN_ID(EMAILINTERNO_ID_GEN, 1);
END^

SET TERM ; ^

/* Definition for the `EMAILINTERNO_ID_AUTOINC` procedure :  */

SET TERM ^ ;

CREATE PROCEDURE EMAILINTERNO_ID_AUTOINC
RETURNS(
  NEW_VALUE INTEGER)
AS
BEGIN
  NEW_VALUE = GEN_ID(EMAILINTERNO_ID_GEN, 1);
END^

SET TERM ; ^

/* Structure for the `EMAIL` table :  */

CREATE TABLE EMAIL (
  ID INTEGER NOT NULL,
  NOMBRE VARCHAR(50) CHARACTER SET NONE);


ALTER TABLE EMAIL ADD PRIMARY KEY (ID) USING INDEX RDB$PRIMARY18;

/* Definition for the `EMAIL_ID_GEN` generator :  */

CREATE GENERATOR EMAIL_ID_GEN;

/* Definition for the `BI_EMAIL_ID` trigger :  */

SET TERM ^ ;

CREATE TRIGGER BI_EMAIL_ID FOR EMAIL
ACTIVE BEFORE INSERT
POSITION 0
AS
BEGIN
  IF (NEW.ID IS NULL) THEN
      NEW.ID = GEN_ID(EMAIL_ID_GEN, 1);
END^

SET TERM ; ^

/* Definition for the `EMAIL_ID_AUTOINC` procedure :  */

SET TERM ^ ;

CREATE PROCEDURE EMAIL_ID_AUTOINC
RETURNS(
  NEW_VALUE INTEGER)
AS
BEGIN
  NEW_VALUE = GEN_ID(EMAIL_ID_GEN, 1);
END^

SET TERM ; ^

/* Structure for the `ESTADO` table :  */

CREATE TABLE ESTADO (
  ID INTEGER NOT NULL,
  NOMBRE VARCHAR(20));


ALTER TABLE ESTADO ADD PRIMARY KEY (ID) USING INDEX RDB$PRIMARY4;

/* Definition for the `ESTADO_ID_GEN` generator :  */

CREATE GENERATOR ESTADO_ID_GEN;

SET GENERATOR ESTADO_ID_GEN TO 5;

/* Definition for the `BI_ESTADO_ID` trigger :  */

SET TERM ^ ;

CREATE TRIGGER BI_ESTADO_ID FOR ESTADO
ACTIVE BEFORE INSERT
POSITION 0
AS
BEGIN
  IF (NEW.ID IS NULL) THEN
      NEW.ID = GEN_ID(ESTADO_ID_GEN, 1);
END^

SET TERM ; ^

/* Definition for the `ESTADO_ID_AUTOINC` procedure :  */

SET TERM ^ ;

CREATE PROCEDURE ESTADO_ID_AUTOINC
RETURNS(
  NEW_VALUE INTEGER)
AS
BEGIN
  NEW_VALUE = GEN_ID(ESTADO_ID_GEN, 1);
END^

SET TERM ; ^

/* Definition for the `BOOLEAN_FALSE` domain :  */

CREATE DOMAIN BOOLEAN_FALSE AS
  VARCHAR(20)
  DEFAULT 'False';

/* Structure for the `FORMULARIOS` table :  */

CREATE TABLE FORMULARIOS (
  ID INTEGER NOT NULL,
  IDUSUARIO INTEGER,
  BACKUP BOOLEAN_FALSE,
  USUARIOS BOOLEAN_FALSE,
  ELEMENTOS BOOLEAN_FALSE,
  CONTROLES BOOLEAN_FALSE,
  ARTICULOS BOOLEAN_FALSE,
  DENOMINACION BOOLEAN_FALSE,
  ASIGNARPROYECTOS BOOLEAN_FALSE,
  CREARPROCESOS BOOLEAN_FALSE,
  ASIGNARTOLERANCIAS BOOLEAN_FALSE,
  MAGNITUDES BOOLEAN_FALSE,
  ESTADISTICAS BOOLEAN_FALSE,
  REPORTECALIDAD BOOLEAN_FALSE,
  VERREPORTECALIDAD BOOLEAN_FALSE,
  EDICIONHALLAZGOS BOOLEAN_FALSE,
  SEGUIMIENTOSACCIONES BOOLEAN_FALSE,
  IMPRIMIRHALLAZGOS BOOLEAN_FALSE,
  PDFHALLAZGOS BOOLEAN_FALSE,
  ABMCLIENTES BOOLEAN_FALSE,
  ENTRADASALIDAEMAIL BOOLEAN_FALSE,
  ABMEMAIL BOOLEAN_FALSE,
  EMAILCALIDAD BOOLEAN_FALSE,
  EMAILHALLAZGOS BOOLEAN_FALSE);


ALTER TABLE FORMULARIOS ADD PRIMARY KEY (ID) USING INDEX RDB$PRIMARY27;

/* Definition for the `FORMULARIOS_ID_GEN` generator :  */

CREATE GENERATOR FORMULARIOS_ID_GEN;

SET GENERATOR FORMULARIOS_ID_GEN TO 8;

/* Definition for the `BI_FORMULARIOS_ID` trigger :  */

SET TERM ^ ;

CREATE TRIGGER BI_FORMULARIOS_ID FOR FORMULARIOS
ACTIVE BEFORE INSERT
POSITION 0
AS
BEGIN
  IF (NEW.ID IS NULL) THEN
      NEW.ID = GEN_ID(FORMULARIOS_ID_GEN, 1);
END^

SET TERM ; ^

/* Definition for the `FORMULARIOS_ID_AUTOINC` procedure :  */

SET TERM ^ ;

CREATE PROCEDURE FORMULARIOS_ID_AUTOINC
RETURNS(
  NEW_VALUE INTEGER)
AS
BEGIN
  NEW_VALUE = GEN_ID(FORMULARIOS_ID_GEN, 1);
END^

SET TERM ; ^

/* Structure for the `HALLAZGOS` table :  */

CREATE TABLE HALLAZGOS (
  ID INTEGER NOT NULL,
  NROHALLAZGO VARCHAR(9) CHARACTER SET NONE,
  ELEMENTO VARCHAR(500) CHARACTER SET NONE,
  PROYECTO VARCHAR(20) CHARACTER SET NONE,
  MOTIVO VARCHAR(500) CHARACTER SET NONE,
  IDDESTINATARIO INTEGER,
  OCURRENCIA VARCHAR(250) CHARACTER SET NONE,
  IDTIPO INTEGER,
  MAQUINA VARCHAR(100) CHARACTER SET NONE,
  LUGAR VARCHAR(100) CHARACTER SET NONE,
  CUANDO DATE,
  DONDE VARCHAR(500) CHARACTER SET NONE,
  QUIEN VARCHAR(30) CHARACTER SET NONE,
  CUANTO VARCHAR(150) CHARACTER SET NONE,
  DESCRIPCIONHALLAZGO VARCHAR(10000) CHARACTER SET NONE,
  PORQUE_1 VARCHAR(5000) CHARACTER SET NONE,
  PORQUE_2 VARCHAR(5000) CHARACTER SET NONE,
  PORQUE_3 VARCHAR(5000) CHARACTER SET NONE,
  PORQUE_4 VARCHAR(5000) CHARACTER SET NONE,
  PORQUE_5 VARCHAR(5000) CHARACTER SET NONE,
  CONCLUSIONANALISIS VARCHAR(10000) CHARACTER SET NONE,
  DESCRIPCION_1 VARCHAR(250) CHARACTER SET NONE,
  INMEDIATO_1 VARCHAR(1) CHARACTER SET NONE,
  DEFINITIVO_1 VARCHAR(1) CHARACTER SET NONE,
  PLAZO_1 VARCHAR(10) CHARACTER SET NONE,
  RESPONSABLE_1 VARCHAR(30) CHARACTER SET NONE,
  DESCRIPCION_2 VARCHAR(250) CHARACTER SET NONE,
  DEFINITIVO_2 VARCHAR(1) CHARACTER SET NONE,
  INMEDIATO_2 VARCHAR(1) CHARACTER SET NONE,
  PLAZO_2 VARCHAR(10) CHARACTER SET NONE,
  RESPONSABLE_2 VARCHAR(30) CHARACTER SET NONE,
  DESCRIPCION_3 VARCHAR(250) CHARACTER SET NONE,
  INMEDIATO_3 VARCHAR(1) CHARACTER SET NONE,
  DEFINITIVO_3 VARCHAR(1) CHARACTER SET NONE,
  PLAZO_3 VARCHAR(10) CHARACTER SET NONE,
  RESPONSABLE_3 VARCHAR(30) CHARACTER SET NONE,
  DESCRIPCION_4 VARCHAR(250) CHARACTER SET NONE,
  INMEDIATO_4 VARCHAR(1) CHARACTER SET NONE,
  DEFINITIVO_4 VARCHAR(1) CHARACTER SET NONE,
  PLAZO_4 VARCHAR(10) CHARACTER SET NONE,
  RESPONSABLE_4 VARCHAR(30) CHARACTER SET NONE,
  DESCRIPCION_5 VARCHAR(250) CHARACTER SET NONE,
  INMEDIATO_5 VARCHAR(1) CHARACTER SET NONE,
  DEFINITIVO_5 VARCHAR(1) CHARACTER SET NONE,
  PLAZO_5 VARCHAR(10) CHARACTER SET NONE,
  RESPONSABLE_5 VARCHAR(30) CHARACTER SET NONE,
  DESCRIPCION_6 VARCHAR(250) CHARACTER SET NONE,
  INMEDIATO_6 VARCHAR(1) CHARACTER SET NONE,
  DEFINITIVO_6 VARCHAR(1) CHARACTER SET NONE,
  PLAZO_6 VARCHAR(10) CHARACTER SET NONE,
  RESPONSABLE_6 VARCHAR(30) CHARACTER SET NONE,
  CIERREANALISISREALIZO VARCHAR(50) CHARACTER SET NONE,
  CIERREANALISISFECHA DATE,
  DISTRIBUCIONCQ VARCHAR(1) CHARACTER SET NONE,
  DISTRIBUCIONPRODUCCION VARCHAR(1) CHARACTER SET NONE,
  DISTRIBUCIONCOMPRAS VARCHAR(1) CHARACTER SET NONE,
  DISTRIBUCIONGERENCIA VARCHAR(1) CHARACTER SET NONE,
  VERIFICAIMPLEMENTACIONEVIDENCIA VARCHAR(500) CHARACTER SET NONE,
  VERIFICAIMPLEMENTACIONFECHA DATE,
  VERIFICAIMPLEMENTACIONREALIZO VARCHAR(50) CHARACTER SET NONE,
  VERIFICAEFICACIAEVIDENCIA VARCHAR(500) CHARACTER SET NONE,
  VERIFICAEFICACIAFECHA DATE,
  VERIFICAEFICACIAREALIZO VARCHAR(50) CHARACTER SET NONE);


ALTER TABLE HALLAZGOS ADD PRIMARY KEY (ID) USING INDEX RDB$PRIMARY40;

/* Definition for the `HALLAZGOS__GEN` generator :  */

CREATE GENERATOR HALLAZGOS__GEN;

SET GENERATOR HALLAZGOS__GEN TO 26;

/* Definition for the `BI_HALLAZGOS_ID` trigger :  */

SET TERM ^ ;

CREATE TRIGGER BI_HALLAZGOS_ID FOR HALLAZGOS
ACTIVE BEFORE INSERT
POSITION 0
AS
BEGIN
  IF (NEW.ID IS NULL) THEN
      NEW.ID = GEN_ID(HALLAZGOS__GEN, 1);
END^

SET TERM ; ^

/* Definition for the `HALLAZGOS_ID_AUTOINC` procedure :  */

SET TERM ^ ;

CREATE PROCEDURE HALLAZGOS_ID_AUTOINC
RETURNS(
  NEW_VALUE INTEGER)
AS
BEGIN
  NEW_VALUE = GEN_ID(HALLAZGOS__GEN, 1);
END^

SET TERM ; ^

/* Structure for the `INSTRUMENTOSMEDIDAS` table :  */

CREATE TABLE INSTRUMENTOSMEDIDAS (
  ID INTEGER NOT NULL,
  CONTROL VARCHAR(50) CHARACTER SET NONE,
  IDINSTRUMENTO INTEGER,
  IDPLANILLA INTEGER,
  POSICION INTEGER);


ALTER TABLE INSTRUMENTOSMEDIDAS ADD PRIMARY KEY (ID) USING INDEX RDB$PRIMARY15;

/* Definition for the `INSTRUMENTOSMEDIDAS_ID_GEN` generator :  */

CREATE GENERATOR INSTRUMENTOSMEDIDAS_ID_GEN;

SET GENERATOR INSTRUMENTOSMEDIDAS_ID_GEN TO 4738;

/* Definition for the `BI_INSTRUMENTOSMEDIDAS_ID` trigger :  */

SET TERM ^ ;

CREATE TRIGGER BI_INSTRUMENTOSMEDIDAS_ID FOR INSTRUMENTOSMEDIDAS
ACTIVE BEFORE INSERT
POSITION 0
AS
BEGIN
  IF (NEW.ID IS NULL) THEN
      NEW.ID = GEN_ID(INSTRUMENTOSMEDIDAS_ID_GEN, 1);
END^

SET TERM ; ^

/* Definition for the `BORRAR_INSTRUMENTOS_AUXILIAR` procedure :  */

SET TERM ^ ;

CREATE PROCEDURE BORRAR_INSTRUMENTOS_AUXILIAR(
  IDPLANILLA INTEGER)
AS
BEGIN
	DELETE FROM INSTRUMENTOSMEDIDAS  
	WHERE INSTRUMENTOSMEDIDAS.IDPLANILLA IN(SELECT INSTRUMENTOSMEDIDAS.IDPLANILLA
                 FROM INSTRUMENTOSMEDIDAS WHERE INSTRUMENTOSMEDIDAS.idPlanilla = :idPlanilla);
END^

SET TERM ; ^

/* Definition for the `INSTRUMENTOSMEDIDAS_ID_AUTOINC` procedure :  */

SET TERM ^ ;

CREATE PROCEDURE INSTRUMENTOSMEDIDAS_ID_AUTOINC
RETURNS(
  NEW_VALUE INTEGER)
AS
BEGIN
  NEW_VALUE = GEN_ID(INSTRUMENTOSMEDIDAS_ID_GEN, 1);
END^

SET TERM ; ^

/* Structure for the `INSTRUMENTOS` table :  */

CREATE TABLE INSTRUMENTOS (
  ID INTEGER NOT NULL,
  NOMBRE VARCHAR(20) CHARACTER SET NONE,
  DESCRIPCION VARCHAR(50) CHARACTER SET NONE,
  RANGO VARCHAR(30),
  IDMODELO INTEGER,
  IDSERIE INTEGER,
  IDMARCA INTEGER,
  IDUBICACION INTEGER,
  ULTIMAFECHA DATE,
  FECHAVENCIMIENTO DATE,
  CERTIFICADO VARCHAR(20),
  NOTA VARCHAR(500),
  IDUNIDAD INTEGER,
  FECHABAJA DATE,
  IDESTADO INTEGER,
  FRECUENCIA INTEGER,
  IDPATRON INTEGER,
  CARPETAFOTOS VARCHAR(255));


ALTER TABLE INSTRUMENTOS ADD PRIMARY KEY (ID) USING INDEX RDB$PRIMARY13;

/* Definition for the `INSTRUMENTOS_ID_GEN` generator :  */

CREATE GENERATOR INSTRUMENTOS_ID_GEN;

SET GENERATOR INSTRUMENTOS_ID_GEN TO 197;

/* Definition for the `BI_INSTRUMENTOS_ID` trigger :  */

SET TERM ^ ;

CREATE TRIGGER BI_INSTRUMENTOS_ID FOR INSTRUMENTOS
ACTIVE BEFORE INSERT
POSITION 0
AS
BEGIN
  IF (NEW.ID IS NULL) THEN
      NEW.ID = GEN_ID(INSTRUMENTOS_ID_GEN, 1);
END^

SET TERM ; ^

/* Definition for the `INSTRUMENTOS_ID_AUTOINC` procedure :  */

SET TERM ^ ;

CREATE PROCEDURE INSTRUMENTOS_ID_AUTOINC
RETURNS(
  NEW_VALUE INTEGER)
AS
BEGIN
  NEW_VALUE = GEN_ID(INSTRUMENTOS_ID_GEN, 1);
END^

SET TERM ; ^

/* Structure for the `INTRUMENTOSINTERNOS` table :  */

CREATE TABLE INTRUMENTOSINTERNOS (
  ID INTEGER NOT NULL,
  IDINSTRUMENTO INTEGER,
  FECHA DATE,
  IDOPERARIO INTEGER,
  MED_1 DECIMAL(12, 2),
  MED_2 DECIMAL(12, 2),
  MED_3 INTEGER,
  SUBPATRON DECIMAL(12, 2),
  NOTA VARCHAR(500),
  IDPATRON INTEGER,
  PATRON DECIMAL(12, 2),
  PROXIMOCONTROL DATE);


ALTER TABLE INTRUMENTOSINTERNOS ADD PRIMARY KEY (ID) USING INDEX RDB$PRIMARY12;

/* Definition for the `INTRUMENTOSINTERNOS_ID_GEN` generator :  */

CREATE GENERATOR INTRUMENTOSINTERNOS_ID_GEN;

SET GENERATOR INTRUMENTOSINTERNOS_ID_GEN TO 60;

/* Definition for the `BI_INTRUMENTOSINTERNOS_ID` trigger :  */

SET TERM ^ ;

CREATE TRIGGER BI_INTRUMENTOSINTERNOS_ID FOR INTRUMENTOSINTERNOS
ACTIVE BEFORE INSERT
POSITION 0
AS
BEGIN
  IF (NEW.ID IS NULL) THEN
      NEW.ID = GEN_ID(INTRUMENTOSINTERNOS_ID_GEN, 1);
END^

SET TERM ; ^

/* Definition for the `INTRUMENTOSINTERNOS_ID_AUTOINC` procedure :  */

SET TERM ^ ;

CREATE PROCEDURE INTRUMENTOSINTERNOS_ID_AUTOINC
RETURNS(
  NEW_VALUE INTEGER)
AS
BEGIN
  NEW_VALUE = GEN_ID(INTRUMENTOSINTERNOS_ID_GEN, 1);
END^

SET TERM ; ^

/* Structure for the `LUGAR` table :  */

CREATE TABLE LUGAR (
  ID INTEGER NOT NULL,
  NOMBRE VARCHAR(50));


ALTER TABLE LUGAR ADD PRIMARY KEY (ID) USING INDEX RDB$PRIMARY14;

/* Definition for the `LUGAR_ID_GEN` generator :  */

CREATE GENERATOR LUGAR_ID_GEN;

/* Definition for the `BI_LUGAR_ID` trigger :  */

SET TERM ^ ;

CREATE TRIGGER BI_LUGAR_ID FOR LUGAR
ACTIVE BEFORE INSERT
POSITION 0
AS
BEGIN
  IF (NEW.ID IS NULL) THEN
      NEW.ID = GEN_ID(LUGAR_ID_GEN, 1);
END^

SET TERM ; ^

/* Definition for the `LUGAR_ID_AUTOINC` procedure :  */

SET TERM ^ ;

CREATE PROCEDURE LUGAR_ID_AUTOINC
RETURNS(
  NEW_VALUE INTEGER)
AS
BEGIN
  NEW_VALUE = GEN_ID(LUGAR_ID_GEN, 1);
END^

SET TERM ; ^

/* Structure for the `MARCA` table :  */

CREATE TABLE MARCA (
  ID INTEGER NOT NULL,
  NOMBRE VARCHAR(50));


ALTER TABLE MARCA ADD PRIMARY KEY (ID) USING INDEX RDB$PRIMARY16;

/* Definition for the `MARCA_ID_GEN` generator :  */

CREATE GENERATOR MARCA_ID_GEN;

SET GENERATOR MARCA_ID_GEN TO 1;

/* Definition for the `BI_MARCA_ID` trigger :  */

SET TERM ^ ;

CREATE TRIGGER BI_MARCA_ID FOR MARCA
ACTIVE BEFORE INSERT
POSITION 0
AS
BEGIN
  IF (NEW.ID IS NULL) THEN
      NEW.ID = GEN_ID(MARCA_ID_GEN, 1);
END^

SET TERM ; ^

/* Definition for the `MARCA_ID_AUTOINC` procedure :  */

SET TERM ^ ;

CREATE PROCEDURE MARCA_ID_AUTOINC
RETURNS(
  NEW_VALUE INTEGER)
AS
BEGIN
  NEW_VALUE = GEN_ID(MARCA_ID_GEN, 1);
END^

SET TERM ; ^

/* Structure for the `MEDICIONES` table :  */

CREATE TABLE MEDICIONES (
  ID INTEGER,
  IDINSTRUMENTO INTEGER,
  MEDICION_1 DECIMAL(12, 2),
  MEDICION_2 DECIMAL(12, 2),
  MEDICION_3 DECIMAL(12, 2),
  MEDICION_4 DECIMAL(12, 2));

/* Definition for the `MEDICIONES_ID_GEN` generator :  */

CREATE GENERATOR MEDICIONES_ID_GEN;

SET GENERATOR MEDICIONES_ID_GEN TO 482;

/* Definition for the `BI_MEDICIONES_ID` trigger :  */

SET TERM ^ ;

CREATE TRIGGER BI_MEDICIONES_ID FOR MEDICIONES
ACTIVE BEFORE INSERT
POSITION 0
AS
BEGIN
  IF (NEW.ID IS NULL) THEN
      NEW.ID = GEN_ID(MEDICIONES_ID_GEN, 1);
END^

SET TERM ; ^

/* Definition for the `MEDICIONES_ID_AUTOINC` procedure :  */

SET TERM ^ ;

CREATE PROCEDURE MEDICIONES_ID_AUTOINC
RETURNS(
  NEW_VALUE INTEGER)
AS
BEGIN
  NEW_VALUE = GEN_ID(MEDICIONES_ID_GEN, 1);
END^

SET TERM ; ^

/* Structure for the `MODELO` table :  */

CREATE TABLE MODELO (
  ID INTEGER NOT NULL,
  NOMBRE VARCHAR(50));


ALTER TABLE MODELO ADD PRIMARY KEY (ID) USING INDEX RDB$PRIMARY19;

/* Definition for the `MODELO_ID_GEN` generator :  */

CREATE GENERATOR MODELO_ID_GEN;

SET GENERATOR MODELO_ID_GEN TO 2;

/* Definition for the `BI_MODELO_ID` trigger :  */

SET TERM ^ ;

CREATE TRIGGER BI_MODELO_ID FOR MODELO
ACTIVE BEFORE INSERT
POSITION 0
AS
BEGIN
  IF (NEW.ID IS NULL) THEN
      NEW.ID = GEN_ID(MODELO_ID_GEN, 1);
END^

SET TERM ; ^

/* Definition for the `MODELO_ID_AUTOINC` procedure :  */

SET TERM ^ ;

CREATE PROCEDURE MODELO_ID_AUTOINC
RETURNS(
  NEW_VALUE INTEGER)
AS
BEGIN
  NEW_VALUE = GEN_ID(MODELO_ID_GEN, 1);
END^

SET TERM ; ^

/* Structure for the `PATRON` table :  */

CREATE TABLE PATRON (
  ID INTEGER NOT NULL,
  NOMBRE VARCHAR(200));


ALTER TABLE PATRON ADD PRIMARY KEY (ID) USING INDEX RDB$PRIMARY20;

/* Definition for the `PATRON_ID_GEN` generator :  */

CREATE GENERATOR PATRON_ID_GEN;

SET GENERATOR PATRON_ID_GEN TO 1;

/* Definition for the `BI_PATRON_ID` trigger :  */

SET TERM ^ ;

CREATE TRIGGER BI_PATRON_ID FOR PATRON
ACTIVE BEFORE INSERT
POSITION 0
AS
BEGIN
  IF (NEW.ID IS NULL) THEN
      NEW.ID = GEN_ID(PATRON_ID_GEN, 1);
END^

SET TERM ; ^

/* Definition for the `PATRON_ID_AUTOINC` procedure :  */

SET TERM ^ ;

CREATE PROCEDURE PATRON_ID_AUTOINC
RETURNS(
  NEW_VALUE INTEGER)
AS
BEGIN
  NEW_VALUE = GEN_ID(PATRON_ID_GEN, 1);
END^

SET TERM ; ^

/* Structure for the `PROYECTOS` table :  */

CREATE TABLE PROYECTOS (
  ID INTEGER NOT NULL,
  OP INTEGER,
  IDCLIENTE INTEGER,
  PROYECTO VARCHAR(10) CHARACTER SET NONE,
  IDARTICULOS INTEGER,
  IDPROCESO INTEGER,
  IDELEMENTO INTEGER,
  ARTICULOS VARCHAR(20) CHARACTER SET NONE,
  PROCESO VARCHAR(50) CHARACTER SET NONE,
  IDENCABEZADO INTEGER,
  BORRADO VARCHAR(1) CHARACTER SET NONE,
  GRABADO VARCHAR(5) CHARACTER SET NONE DEFAULT 'Falso');

/* Definition for the `PROYECTOS_ID_GEN` generator :  */

CREATE GENERATOR PROYECTOS_ID_GEN;

SET GENERATOR PROYECTOS_ID_GEN TO 200;

/* Definition for the `BI_PROYECTOS_ID` trigger :  */

SET TERM ^ ;

CREATE TRIGGER BI_PROYECTOS_ID FOR PROYECTOS
ACTIVE BEFORE INSERT
POSITION 0
AS
BEGIN
  IF (NEW.ID IS NULL) THEN
      NEW.ID = GEN_ID(PROYECTOS_ID_GEN, 1);
END^

SET TERM ; ^

/* Definition for the `PROYECTOS_ID_AUTOINC` procedure :  */

SET TERM ^ ;

CREATE PROCEDURE PROYECTOS_ID_AUTOINC
RETURNS(
  CODIGO INTEGER)
AS
BEGIN
  Codigo = GEN_ID(PROYECTOS_ID_GEN, 1);
END^

SET TERM ; ^

/* Structure for the `REGISTRO` table :  */

CREATE TABLE REGISTRO (
  ID INTEGER NOT NULL,
  IDINSTRUMENTO INTEGER,
  FECHA DATE,
  IDLUGAR INTEGER,
  NOTA VARCHAR(200),
  IDRESPONSABLE INTEGER,
  IDESTADO INTEGER,
  PROXIMOCONTROL DATE);


ALTER TABLE REGISTRO ADD PRIMARY KEY (ID) USING INDEX RDB$PRIMARY21;

/* Definition for the `REGISTRO_ID_GEN` generator :  */

CREATE GENERATOR REGISTRO_ID_GEN;

SET GENERATOR REGISTRO_ID_GEN TO 3;

/* Definition for the `BI_REGISTRO_ID` trigger :  */

SET TERM ^ ;

CREATE TRIGGER BI_REGISTRO_ID FOR REGISTRO
ACTIVE BEFORE INSERT
POSITION 0
AS
BEGIN
  IF (NEW.ID IS NULL) THEN
      NEW.ID = GEN_ID(REGISTRO_ID_GEN, 1);
END^

SET TERM ; ^

/* Definition for the `REGISTRO_ID_AUTOINC` procedure :  */

SET TERM ^ ;

CREATE PROCEDURE REGISTRO_ID_AUTOINC
RETURNS(
  NEW_VALUE INTEGER)
AS
BEGIN
  NEW_VALUE = GEN_ID(REGISTRO_ID_GEN, 1);
END^

SET TERM ; ^

/* Structure for the `SERIE` table :  */

CREATE TABLE SERIE (
  ID INTEGER NOT NULL,
  NOMBRE VARCHAR(30));


ALTER TABLE SERIE ADD PRIMARY KEY (ID) USING INDEX RDB$PRIMARY22;

/* Definition for the `SERIE_ID_GEN` generator :  */

CREATE GENERATOR SERIE_ID_GEN;

SET GENERATOR SERIE_ID_GEN TO 1;

/* Definition for the `BI_SERIE_ID` trigger :  */

SET TERM ^ ;

CREATE TRIGGER BI_SERIE_ID FOR SERIE
ACTIVE BEFORE INSERT
POSITION 0
AS
BEGIN
  IF (NEW.ID IS NULL) THEN
      NEW.ID = GEN_ID(SERIE_ID_GEN, 1);
END^

SET TERM ; ^

/* Definition for the `SERIE_ID_AUTOINC` procedure :  */

SET TERM ^ ;

CREATE PROCEDURE SERIE_ID_AUTOINC
RETURNS(
  NEW_VALUE INTEGER)
AS
BEGIN
  NEW_VALUE = GEN_ID(SERIE_ID_GEN, 1);
END^

SET TERM ; ^

/* Structure for the `TIPOCONTROL` table :  */

CREATE TABLE TIPOCONTROL (
  ID INTEGER NOT NULL,
  NOMBRE VARCHAR(50));


ALTER TABLE TIPOCONTROL ADD PRIMARY KEY (ID) USING INDEX RDB$PRIMARY23;

/* Definition for the `TIPOCONTROL_ID_GEN` generator :  */

CREATE GENERATOR TIPOCONTROL_ID_GEN;

/* Definition for the `BI_TIPOCONTROL_ID` trigger :  */

SET TERM ^ ;

CREATE TRIGGER BI_TIPOCONTROL_ID FOR TIPOCONTROL
ACTIVE BEFORE INSERT
POSITION 0
AS
BEGIN
  IF (NEW.ID IS NULL) THEN
      NEW.ID = GEN_ID(TIPOCONTROL_ID_GEN, 1);
END^

SET TERM ; ^

/* Definition for the `TIPOCONTROL_ID_AUTOINC` procedure :  */

SET TERM ^ ;

CREATE PROCEDURE TIPOCONTROL_ID_AUTOINC
RETURNS(
  NEW_VALUE INTEGER)
AS
BEGIN
  NEW_VALUE = GEN_ID(TIPOCONTROL_ID_GEN, 1);
END^

SET TERM ; ^

/* Structure for the `TIPOHALLAZGO` table :  */

CREATE TABLE TIPOHALLAZGO (
  ID INTEGER NOT NULL,
  NOMBRE VARCHAR(50) CHARACTER SET NONE);


ALTER TABLE TIPOHALLAZGO ADD PRIMARY KEY (ID) USING INDEX RDB$PRIMARY31;

/* Definition for the `TIPOHALLAZGO_ID_GEN` generator :  */

CREATE GENERATOR TIPOHALLAZGO_ID_GEN;

/* Definition for the `BI_TIPOHALLAZGO_ID` trigger :  */

SET TERM ^ ;

CREATE TRIGGER BI_TIPOHALLAZGO_ID FOR TIPOHALLAZGO
ACTIVE BEFORE INSERT
POSITION 0
AS
BEGIN
  IF (NEW.ID IS NULL) THEN
      NEW.ID = GEN_ID(TIPOHALLAZGO_ID_GEN, 1);
END^

SET TERM ; ^

/* Definition for the `TIPOHALLAZGO_ID_AUTOINC` procedure :  */

SET TERM ^ ;

CREATE PROCEDURE TIPOHALLAZGO_ID_AUTOINC
RETURNS(
  NEW_VALUE INTEGER)
AS
BEGIN
  NEW_VALUE = GEN_ID(TIPOHALLAZGO_ID_GEN, 1);
END^

SET TERM ; ^

/* Structure for the `UBICACION` table :  */

CREATE TABLE UBICACION (
  ID INTEGER NOT NULL,
  NOMBRE VARCHAR(50));


ALTER TABLE UBICACION ADD PRIMARY KEY (ID) USING INDEX RDB$PRIMARY24;

/* Definition for the `UBICACION_ID_GEN` generator :  */

CREATE GENERATOR UBICACION_ID_GEN;

SET GENERATOR UBICACION_ID_GEN TO 2;

/* Definition for the `BI_UBICACION_ID` trigger :  */

SET TERM ^ ;

CREATE TRIGGER BI_UBICACION_ID FOR UBICACION
ACTIVE BEFORE INSERT
POSITION 0
AS
BEGIN
  IF (NEW.ID IS NULL) THEN
      NEW.ID = GEN_ID(UBICACION_ID_GEN, 1);
END^

SET TERM ; ^

/* Definition for the `UBICACION_ID_AUTOINC` procedure :  */

SET TERM ^ ;

CREATE PROCEDURE UBICACION_ID_AUTOINC
RETURNS(
  NEW_VALUE INTEGER)
AS
BEGIN
  NEW_VALUE = GEN_ID(UBICACION_ID_GEN, 1);
END^

SET TERM ; ^

/* Structure for the `UNIDADES` table :  */

CREATE TABLE UNIDADES (
  ID INTEGER NOT NULL,
  NOMBRE VARCHAR(20));


ALTER TABLE UNIDADES ADD PRIMARY KEY (ID) USING INDEX RDB$PRIMARY25;

/* Definition for the `UNIDADES_ID_GEN` generator :  */

CREATE GENERATOR UNIDADES_ID_GEN;

SET GENERATOR UNIDADES_ID_GEN TO 1;

/* Definition for the `BI_UNIDADES_ID` trigger :  */

SET TERM ^ ;

CREATE TRIGGER BI_UNIDADES_ID FOR UNIDADES
ACTIVE BEFORE INSERT
POSITION 0
AS
BEGIN
  IF (NEW.ID IS NULL) THEN
      NEW.ID = GEN_ID(UNIDADES_ID_GEN, 1);
END^

SET TERM ; ^

/* Definition for the `UNIDADES_ID_AUTOINC` procedure :  */

SET TERM ^ ;

CREATE PROCEDURE UNIDADES_ID_AUTOINC
RETURNS(
  NEW_VALUE INTEGER)
AS
BEGIN
  NEW_VALUE = GEN_ID(UNIDADES_ID_GEN, 1);
END^

SET TERM ; ^

/* Definition for the `COTACONTROLADA_ID_GEN` generator :  */

CREATE GENERATOR COTACONTROLADA_ID_GEN;

/* Definition for the `COTACONTROLADA_ID_AUTOINC` procedure :  */

SET TERM ^ ;

CREATE PROCEDURE COTACONTROLADA_ID_AUTOINC
RETURNS(
  NEW_VALUE INTEGER)
AS
BEGIN
  NEW_VALUE = GEN_ID(COTACONTROLADA_ID_GEN, 1);
END^

SET TERM ; ^

/* Definition for the `COTA_ID_GEN` generator :  */

CREATE GENERATOR COTA_ID_GEN;

/* Definition for the `COTA_ID_AUTOINC` procedure :  */

SET TERM ^ ;

CREATE PROCEDURE COTA_ID_AUTOINC
RETURNS(
  NEW_VALUE INTEGER)
AS
BEGIN
  NEW_VALUE = GEN_ID(COTA_ID_GEN, 1);
END^

SET TERM ; ^

/* Definition for the `EMPLEADOS_ID_GEN1` generator :  */

CREATE GENERATOR EMPLEADOS_ID_GEN1;

SET GENERATOR EMPLEADOS_ID_GEN1 TO 1577;

/* Definition for the `EMPLEADOS_ID_AUTOINC1` procedure :  */

SET TERM ^ ;

CREATE PROCEDURE EMPLEADOS_ID_AUTOINC1
RETURNS(
  CODIGO INTEGER)
AS
BEGIN
  Codigo = GEN_ID(EMPLEADOS_ID_GEN1, 1);
END^

SET TERM ; ^

/* Definition for the `TARTICULOS_ID_GEN` generator :  */

CREATE GENERATOR TARTICULOS_ID_GEN;

/* Definition for the `TARTICULOS_ID_AUTOINC` procedure :  */

SET TERM ^ ;

CREATE PROCEDURE TARTICULOS_ID_AUTOINC
RETURNS(
  NEW_VALUE INTEGER)
AS
BEGIN
  NEW_VALUE = GEN_ID(TARTICULOS_ID_GEN, 1);
END^

SET TERM ; ^

/* Data for the `VALORMEDICION` table  (Records 1 - 202) */

INSERT INTO VALORMEDICION
VALUES (12225, 1, 56, NULL, 289, 244, 35.8000030517578, NULL, 1, 30, '2025-08-14 15:26:01', '45806');

INSERT INTO VALORMEDICION
VALUES (12226, 1, 56, NULL, 291, 244, 66.7000045776367, NULL, 2, 30, '2025-08-14 15:26:02', '45806');

INSERT INTO VALORMEDICION
VALUES (12227, 1, 56, NULL, 292, 244, 34.6300010681152, NULL, 3, 194, '2025-08-14 15:26:02', '45806');

INSERT INTO VALORMEDICION
VALUES (12228, 1, 56, NULL, 293, 244, 37.8000030517578, NULL, 4, 194, '2025-08-14 15:26:02', '45806');

INSERT INTO VALORMEDICION
VALUES (12229, 1, 56, NULL, 294, 244, 162.000015258789, NULL, 5, 194, '2025-08-14 15:26:03', '45806');

INSERT INTO VALORMEDICION
VALUES (12230, 1, 56, NULL, 295, 244, 17.5, NULL, 6, 30, '2025-08-14 15:26:03', '45806');

INSERT INTO VALORMEDICION
VALUES (12231, NULL, NULL, NULL, NULL, NULL, NULL, NULL, NULL, NULL, '2025-08-14 15:25:57', '45806');

INSERT INTO VALORMEDICION
VALUES (12232, NULL, NULL, NULL, NULL, NULL, NULL, NULL, NULL, NULL, '2025-08-14 15:26:04', '45806');

INSERT INTO VALORMEDICION
VALUES (12233, 3, 56, NULL, 289, 244, 35.8200035095215, NULL, 1, 30, '2025-08-15 15:28:17', '45806');

INSERT INTO VALORMEDICION
VALUES (12234, 3, 56, NULL, 291, 244, 66.7000045776367, NULL, 2, 30, '2025-08-14 15:27:20', '45806');

INSERT INTO VALORMEDICION
VALUES (12235, 3, 56, NULL, 292, 244, 34.7000007629395, NULL, 3, 194, '2025-08-14 15:27:20', '45806');

INSERT INTO VALORMEDICION
VALUES (12236, 3, 56, NULL, 293, 244, 37.8000030517578, NULL, 4, 194, '2025-08-14 15:27:21', '45806');

INSERT INTO VALORMEDICION
VALUES (12237, 3, 56, NULL, 294, 244, 162.000015258789, NULL, 5, 194, '2025-08-14 15:27:21', '45806');

INSERT INTO VALORMEDICION
VALUES (12238, 3, 56, NULL, 295, 244, 17.5, NULL, 6, 30, '2025-08-14 15:27:22', '45806');

INSERT INTO VALORMEDICION
VALUES (12239, NULL, NULL, NULL, NULL, NULL, NULL, NULL, NULL, NULL, '2025-08-14 15:26:40', '45806');

INSERT INTO VALORMEDICION
VALUES (12240, NULL, NULL, NULL, NULL, NULL, NULL, NULL, NULL, NULL, '2025-08-14 15:27:14', '45806');

INSERT INTO VALORMEDICION
VALUES (12241, NULL, NULL, NULL, NULL, NULL, NULL, NULL, NULL, NULL, '2025-08-14 15:27:22', '45806');

INSERT INTO VALORMEDICION
VALUES (12242, 5, 56, NULL, 289, 244, 35.8200035095215, NULL, 1, 30, '2025-08-15 15:24:11', '45806');

INSERT INTO VALORMEDICION
VALUES (12243, 5, 56, NULL, 291, 244, 66.7000045776367, NULL, 2, 30, '2025-08-14 15:28:07', '45806');

INSERT INTO VALORMEDICION
VALUES (12244, 5, 56, NULL, 292, 244, 34.6500015258789, NULL, 3, 194, '2025-08-14 15:28:08', '45806');

INSERT INTO VALORMEDICION
VALUES (12245, 5, 56, NULL, 293, 244, 37.8000030517578, NULL, 4, 194, '2025-08-14 15:28:08', '45806');

INSERT INTO VALORMEDICION
VALUES (12246, 5, 56, NULL, 294, 244, 162.000015258789, NULL, 5, 194, '2025-08-14 15:28:08', '45806');

INSERT INTO VALORMEDICION
VALUES (12247, 5, 56, NULL, 295, 244, 17.5, NULL, 6, 30, '2025-08-14 15:28:08', '45806');

INSERT INTO VALORMEDICION
VALUES (12248, NULL, NULL, NULL, NULL, NULL, NULL, NULL, NULL, NULL, '2025-08-14 15:28:02', '45806');

INSERT INTO VALORMEDICION
VALUES (12249, NULL, NULL, NULL, NULL, NULL, NULL, NULL, NULL, NULL, '2025-08-14 15:28:09', '45806');

INSERT INTO VALORMEDICION
VALUES (12250, 8, 56, NULL, 289, 244, 35.7700004577637, NULL, 1, 30, '2025-08-15 15:26:03', '45806');

INSERT INTO VALORMEDICION
VALUES (12251, 8, 56, NULL, 291, 244, 66.7200012207031, NULL, 2, 30, '2025-08-14 15:28:56', '45806');

INSERT INTO VALORMEDICION
VALUES (12252, 8, 56, NULL, 292, 244, 34.7000007629395, NULL, 3, 194, '2025-08-14 15:28:56', '45806');

INSERT INTO VALORMEDICION
VALUES (12253, 8, 56, NULL, 293, 244, 37.7000007629395, NULL, 4, 194, '2025-08-14 15:28:57', '45806');

INSERT INTO VALORMEDICION
VALUES (12254, 8, 56, NULL, 294, 244, 162.000015258789, NULL, 5, 194, '2025-08-14 15:28:57', '45806');

INSERT INTO VALORMEDICION
VALUES (12255, 8, 56, NULL, 295, 244, 17.5, NULL, 6, 30, '2025-08-14 15:28:57', '45806');

INSERT INTO VALORMEDICION
VALUES (12256, NULL, NULL, NULL, NULL, NULL, NULL, NULL, NULL, NULL, '2025-08-14 15:28:43', '45806');

INSERT INTO VALORMEDICION
VALUES (12257, NULL, NULL, NULL, NULL, NULL, NULL, NULL, NULL, NULL, '2025-08-14 15:28:58', '45806');

INSERT INTO VALORMEDICION
VALUES (12258, 12, 56, NULL, 289, 244, 35.7900009155273, NULL, 1, 30, '2025-08-15 15:26:20', '45806');

INSERT INTO VALORMEDICION
VALUES (12259, 12, 56, NULL, 291, 244, 66.75, NULL, 2, 30, '2025-08-14 15:29:08', '45806');

INSERT INTO VALORMEDICION
VALUES (12260, 12, 56, NULL, 292, 244, 34.6400032043457, NULL, 3, 194, '2025-08-14 15:29:18', '45806');

INSERT INTO VALORMEDICION
VALUES (12261, 12, 56, NULL, 293, 244, 37.7000007629395, NULL, 4, 194, '2025-08-14 15:29:23', '45806');

INSERT INTO VALORMEDICION
VALUES (12262, 12, 56, NULL, 294, 244, 162.000015258789, NULL, 5, 194, '2025-08-14 15:29:30', '45806');

INSERT INTO VALORMEDICION
VALUES (12263, 12, 56, NULL, 295, 244, 17.5, NULL, 6, 30, '2025-08-14 15:29:33', '45806');

INSERT INTO VALORMEDICION
VALUES (12264, NULL, NULL, NULL, NULL, NULL, NULL, NULL, NULL, NULL, '2025-08-14 15:29:39', '45806');

INSERT INTO VALORMEDICION
VALUES (12265, 15, 56, NULL, 289, 244, 35.7950019836426, NULL, 1, 30, '2025-08-15 15:27:09', '45806');

INSERT INTO VALORMEDICION
VALUES (12266, 15, 56, NULL, 291, 244, 66.7200012207031, NULL, 2, 30, '2025-08-14 15:30:01', '45806');

INSERT INTO VALORMEDICION
VALUES (12267, 15, 56, NULL, 292, 244, 34.6430015563965, NULL, 3, 194, '2025-08-14 15:30:06', '45806');

INSERT INTO VALORMEDICION
VALUES (12268, 15, 56, NULL, 293, 244, 37.6300010681152, NULL, 4, 194, '2025-08-14 15:30:12', '45806');

INSERT INTO VALORMEDICION
VALUES (12269, 15, 56, NULL, 294, 244, 162.000015258789, NULL, 5, 194, '2025-08-14 15:30:16', '45806');

INSERT INTO VALORMEDICION
VALUES (12270, 15, 56, NULL, 295, 244, 17.5, NULL, 6, 30, '2025-08-14 15:30:19', '45806');

INSERT INTO VALORMEDICION
VALUES (12271, NULL, NULL, NULL, NULL, NULL, NULL, NULL, NULL, NULL, '2025-08-14 15:29:51', '45806');

INSERT INTO VALORMEDICION
VALUES (12272, NULL, NULL, NULL, NULL, NULL, NULL, NULL, NULL, NULL, '2025-08-14 15:30:20', '45806');

INSERT INTO VALORMEDICION
VALUES (12273, 19, 56, NULL, 289, 244, 35.8000030517578, NULL, 1, 30, '2025-08-15 14:45:01', '45806');

INSERT INTO VALORMEDICION
VALUES (12274, 19, 56, NULL, 291, 244, 66.7200012207031, NULL, 2, 30, '2025-08-15 14:45:01', '45806');

INSERT INTO VALORMEDICION
VALUES (12275, 19, 56, NULL, 292, 244, 34.6500015258789, NULL, 3, 194, '2025-08-15 14:45:01', '45806');

INSERT INTO VALORMEDICION
VALUES (12276, 19, 56, NULL, 293, 244, 37.7000007629395, NULL, 4, 194, '2025-08-15 14:45:02', '45806');

INSERT INTO VALORMEDICION
VALUES (12277, 19, 56, NULL, 294, 244, 162.000015258789, NULL, 5, 194, '2025-08-15 14:45:02', '45806');

INSERT INTO VALORMEDICION
VALUES (12278, 19, 56, NULL, 295, 244, 17.5, NULL, 6, 30, '2025-08-15 14:45:02', '45806');

INSERT INTO VALORMEDICION
VALUES (12279, NULL, NULL, NULL, NULL, NULL, NULL, NULL, NULL, NULL, '2025-08-14 15:31:13', '45806');

INSERT INTO VALORMEDICION
VALUES (12280, NULL, NULL, NULL, NULL, NULL, NULL, NULL, NULL, NULL, '2025-08-14 15:31:16', '45806');

INSERT INTO VALORMEDICION
VALUES (12281, 22, 56, NULL, 289, 244, 35.8200035095215, NULL, 1, 30, '2025-08-14 15:31:29', '45806');

INSERT INTO VALORMEDICION
VALUES (12282, 22, 56, NULL, 291, 244, 66.75, NULL, 2, 30, '2025-08-14 15:31:33', '45806');

INSERT INTO VALORMEDICION
VALUES (12283, 22, 56, NULL, 292, 244, 34.9000015258789, NULL, 3, 194, '2025-08-14 15:31:38', '45806');

INSERT INTO VALORMEDICION
VALUES (12284, 22, 56, NULL, 293, 244, 37.6900024414063, NULL, 4, 194, '2025-08-14 15:31:46', '45806');

INSERT INTO VALORMEDICION
VALUES (12285, 22, 56, NULL, 294, 244, 162.000015258789, NULL, 5, 194, '2025-08-14 15:31:51', '45806');

INSERT INTO VALORMEDICION
VALUES (12286, 22, 56, NULL, 295, 244, 17.5, NULL, 6, 30, '2025-08-14 15:31:54', '45806');

INSERT INTO VALORMEDICION
VALUES (12287, NULL, NULL, NULL, NULL, NULL, NULL, NULL, NULL, NULL, '2025-08-14 15:31:58', '45806');

INSERT INTO VALORMEDICION
VALUES (12288, 23, 56, NULL, 289, 244, 35.7900009155273, NULL, 1, 30, '2025-08-15 15:29:32', '45806');

INSERT INTO VALORMEDICION
VALUES (12289, 23, 56, NULL, 291, 244, 66.7000045776367, NULL, 2, 30, '2025-08-14 15:32:34', '45806');

INSERT INTO VALORMEDICION
VALUES (12290, 23, 56, NULL, 292, 244, 34.810001373291, NULL, 3, 194, '2025-08-14 15:32:34', '45806');

INSERT INTO VALORMEDICION
VALUES (12291, 23, 56, NULL, 293, 244, 37.8200035095215, NULL, 4, 194, '2025-08-14 15:32:34', '45806');

INSERT INTO VALORMEDICION
VALUES (12292, 23, 56, NULL, 294, 244, 162.000015258789, NULL, 5, 194, '2025-08-14 15:32:35', '45806');

INSERT INTO VALORMEDICION
VALUES (12293, 23, 56, NULL, 295, 244, 17.5, NULL, 6, 30, '2025-08-14 15:32:35', '45806');

INSERT INTO VALORMEDICION
VALUES (12294, NULL, NULL, NULL, NULL, NULL, NULL, NULL, NULL, NULL, '2025-08-14 15:32:26', '45806');

INSERT INTO VALORMEDICION
VALUES (12295, NULL, NULL, NULL, NULL, NULL, NULL, NULL, NULL, NULL, '2025-08-14 15:32:36', '45806');

INSERT INTO VALORMEDICION
VALUES (12296, 25, 56, NULL, 289, 244, 35.8000030517578, NULL, 1, 30, '2025-08-15 15:30:19', '45806');

INSERT INTO VALORMEDICION
VALUES (12297, 25, 56, NULL, 291, 244, 66.75, NULL, 2, 30, '2025-08-14 15:33:04', '45806');

INSERT INTO VALORMEDICION
VALUES (12298, 25, 56, NULL, 292, 244, 34.810001373291, NULL, 3, 194, '2025-08-14 15:33:09', '45806');

INSERT INTO VALORMEDICION
VALUES (12299, 25, 56, NULL, 293, 244, 37, NULL, 4, 194, '2025-08-14 15:33:11', '45806');

INSERT INTO VALORMEDICION
VALUES (12300, 25, 56, NULL, 294, 244, 162.000015258789, NULL, 5, 194, '2025-08-14 15:33:14', '45806');

INSERT INTO VALORMEDICION
VALUES (12301, 25, 56, NULL, 295, 244, 17.5, NULL, 6, 30, '2025-08-14 15:33:20', '45806');

INSERT INTO VALORMEDICION
VALUES (12302, NULL, NULL, NULL, NULL, NULL, NULL, NULL, NULL, NULL, '2025-08-14 15:33:21', '45806');

INSERT INTO VALORMEDICION
VALUES (12303, 26, 56, NULL, 289, 244, 35.7800025939941, NULL, 1, 30, '2025-08-15 15:31:17', '45806');

INSERT INTO VALORMEDICION
VALUES (12304, 26, 56, NULL, 291, 244, 66.7700042724609, NULL, 2, 30, '2025-08-14 15:33:54', '45806');

INSERT INTO VALORMEDICION
VALUES (12305, 26, 56, NULL, 292, 244, 34.8600006103516, NULL, 3, 194, '2025-08-14 15:34:03', '45806');

INSERT INTO VALORMEDICION
VALUES (12306, 26, 56, NULL, 293, 244, 37.75, NULL, 4, 194, '2025-08-14 15:34:07', '45806');

INSERT INTO VALORMEDICION
VALUES (12307, 26, 56, NULL, 294, 244, 162.000015258789, NULL, 5, 194, '2025-08-14 15:34:12', '45806');

INSERT INTO VALORMEDICION
VALUES (12308, 26, 56, NULL, 295, 244, 17.5, NULL, 6, 30, '2025-08-14 15:34:16', '45806');

INSERT INTO VALORMEDICION
VALUES (12309, NULL, NULL, NULL, NULL, NULL, NULL, NULL, NULL, NULL, '2025-08-14 15:34:17', '45806');

INSERT INTO VALORMEDICION
VALUES (12310, 27, 56, NULL, 289, 244, 35.7200012207031, NULL, 1, 30, '2025-08-14 15:34:28', '45806');

INSERT INTO VALORMEDICION
VALUES (12311, 27, 56, NULL, 291, 244, 66.8000030517578, NULL, 2, 30, '2025-08-14 15:34:32', '45806');

INSERT INTO VALORMEDICION
VALUES (12312, 27, 56, NULL, 292, 244, 34.8500022888184, NULL, 3, 194, '2025-08-14 15:34:39', '45806');

INSERT INTO VALORMEDICION
VALUES (12313, 27, 56, NULL, 293, 244, 37.8000030517578, NULL, 4, 194, '2025-08-14 15:34:46', '45806');

INSERT INTO VALORMEDICION
VALUES (12314, 27, 56, NULL, 294, 244, 162.000015258789, NULL, 5, 194, '2025-08-14 15:34:50', '45806');

INSERT INTO VALORMEDICION
VALUES (12315, 27, 56, NULL, 295, 244, 17.5, NULL, 6, 30, '2025-08-14 15:34:52', '45806');

INSERT INTO VALORMEDICION
VALUES (12316, NULL, NULL, NULL, NULL, NULL, NULL, NULL, NULL, NULL, '2025-08-14 15:34:53', '45806');

INSERT INTO VALORMEDICION
VALUES (12317, 28, 56, NULL, 289, 244, 35.75, NULL, 1, 30, '2025-08-14 15:35:05', '45806');

INSERT INTO VALORMEDICION
VALUES (12318, 28, 56, NULL, 291, 244, 66.7900009155273, NULL, 2, 30, '2025-08-14 15:35:10', '45806');

INSERT INTO VALORMEDICION
VALUES (12319, 28, 56, NULL, 292, 244, 34.8400001525879, NULL, 3, 194, '2025-08-14 15:35:15', '45806');

INSERT INTO VALORMEDICION
VALUES (12320, 28, 56, NULL, 293, 244, 37.6600036621094, NULL, 4, 194, '2025-08-14 15:35:21', '45806');

INSERT INTO VALORMEDICION
VALUES (12321, 28, 56, NULL, 294, 244, 162.000015258789, NULL, 5, 194, '2025-08-14 15:35:24', '45806');

INSERT INTO VALORMEDICION
VALUES (12322, 28, 56, NULL, 295, 244, 17.5, NULL, 6, 30, '2025-08-14 15:35:28', '45806');

INSERT INTO VALORMEDICION
VALUES (12323, NULL, NULL, NULL, NULL, NULL, NULL, NULL, NULL, NULL, '2025-08-14 15:35:35', '45806');

INSERT INTO VALORMEDICION
VALUES (12324, 29, 56, NULL, 289, 244, 35.7200012207031, NULL, 1, 30, '2025-08-14 15:53:33', '45806');

INSERT INTO VALORMEDICION
VALUES (12325, 29, 56, NULL, 291, 244, 66.7000045776367, NULL, 2, 30, '2025-08-14 15:35:49', '45806');

INSERT INTO VALORMEDICION
VALUES (12326, 29, 56, NULL, 292, 244, 34.810001373291, NULL, 3, 194, '2025-08-14 15:35:55', '45806');

INSERT INTO VALORMEDICION
VALUES (12327, 29, 56, NULL, 293, 244, 37.7900009155273, NULL, 4, 194, '2025-08-14 15:36:01', '45806');

INSERT INTO VALORMEDICION
VALUES (12328, 29, 56, NULL, 294, 244, 162.000015258789, NULL, 5, 194, '2025-08-14 15:36:07', '45806');

INSERT INTO VALORMEDICION
VALUES (12329, 29, 56, NULL, 295, 244, 17.5, NULL, 6, 30, '2025-08-14 15:36:10', '45806');

INSERT INTO VALORMEDICION
VALUES (12330, NULL, NULL, NULL, NULL, NULL, NULL, NULL, NULL, NULL, '2025-08-14 15:36:13', '45806');

INSERT INTO VALORMEDICION
VALUES (12331, 2, 56, NULL, 289, 244, 35.810001373291, NULL, 1, NULL, '2025-08-15 15:23:36', '45806');

INSERT INTO VALORMEDICION
VALUES (12332, 2, 56, NULL, 291, 244, 66.8500061035156, NULL, 2, NULL, '2025-08-15 11:28:35', '45806');

INSERT INTO VALORMEDICION
VALUES (12333, 2, 56, NULL, 292, 244, 34.8000030517578, NULL, 3, NULL, '2025-08-15 11:28:39', '45806');

INSERT INTO VALORMEDICION
VALUES (12334, 2, 56, NULL, 293, 244, 37.8800010681152, NULL, 4, NULL, '2025-08-15 11:28:45', '45806');

INSERT INTO VALORMEDICION
VALUES (12335, 2, 56, NULL, 294, 244, 162.080001831055, NULL, 5, NULL, '2025-08-15 11:28:56', '45806');

INSERT INTO VALORMEDICION
VALUES (12336, 2, 56, NULL, 295, 244, 17.4900016784668, NULL, 6, NULL, '2025-08-15 11:29:02', '45806');

INSERT INTO VALORMEDICION
VALUES (12337, NULL, NULL, NULL, NULL, NULL, NULL, NULL, NULL, NULL, '2025-08-15 11:29:06', '45806');

INSERT INTO VALORMEDICION
VALUES (12338, 4, 56, NULL, 289, 244, 35.7900009155273, NULL, 1, NULL, '2025-08-15 15:28:24', '45806');

INSERT INTO VALORMEDICION
VALUES (12339, 4, 56, NULL, 291, 244, 67, NULL, 2, NULL, '2025-08-15 11:31:52', '45806');

INSERT INTO VALORMEDICION
VALUES (12340, 4, 56, NULL, 292, 244, 34.8800010681152, NULL, 3, NULL, '2025-08-15 11:31:53', '45806');

INSERT INTO VALORMEDICION
VALUES (12341, 4, 56, NULL, 293, 244, 37.8200035095215, NULL, 4, NULL, '2025-08-15 11:31:53', '45806');

INSERT INTO VALORMEDICION
VALUES (12342, 4, 56, NULL, 294, 244, 161.950012207031, NULL, 5, NULL, '2025-08-15 11:31:53', '45806');

INSERT INTO VALORMEDICION
VALUES (12343, 4, 56, NULL, 295, 244, 17.5200004577637, NULL, 6, NULL, '2025-08-15 11:31:53', '45806');

INSERT INTO VALORMEDICION
VALUES (12344, NULL, NULL, NULL, NULL, NULL, NULL, NULL, NULL, NULL, '2025-08-15 11:30:03', '45806');

INSERT INTO VALORMEDICION
VALUES (12345, NULL, NULL, NULL, NULL, NULL, NULL, NULL, NULL, NULL, '2025-08-15 11:31:54', '45806');

INSERT INTO VALORMEDICION
VALUES (12346, 6, 56, NULL, 289, 244, 35.7900009155273, NULL, 1, NULL, '2025-08-15 15:25:12', '45806');

INSERT INTO VALORMEDICION
VALUES (12347, 6, 56, NULL, 291, 244, 67, NULL, 2, NULL, '2025-08-15 11:32:34', '45806');

INSERT INTO VALORMEDICION
VALUES (12348, 6, 56, NULL, 292, 244, 34.8800010681152, NULL, 3, NULL, '2025-08-15 11:32:39', '45806');

INSERT INTO VALORMEDICION
VALUES (12349, 6, 56, NULL, 293, 244, 37.8400001525879, NULL, 4, NULL, '2025-08-15 11:32:44', '45806');

INSERT INTO VALORMEDICION
VALUES (12350, 6, 56, NULL, 294, 244, 162.000015258789, NULL, 5, NULL, '2025-08-15 11:32:47', '45806');

INSERT INTO VALORMEDICION
VALUES (12351, 6, 56, NULL, 295, 244, 17.5100002288818, NULL, 6, NULL, '2025-08-15 11:32:52', '45806');

INSERT INTO VALORMEDICION
VALUES (12352, 7, 56, NULL, 289, 244, 35.7980003356934, NULL, 1, NULL, '2025-08-15 15:28:41', '45806');

INSERT INTO VALORMEDICION
VALUES (12353, 7, 56, NULL, 291, 244, 67, NULL, 2, NULL, '2025-08-15 11:33:20', '45806');

INSERT INTO VALORMEDICION
VALUES (12354, 7, 56, NULL, 292, 244, 34.8600006103516, NULL, 3, NULL, '2025-08-15 11:33:25', '45806');

INSERT INTO VALORMEDICION
VALUES (12355, 7, 56, NULL, 293, 244, 37.870002746582, NULL, 4, NULL, '2025-08-15 11:33:30', '45806');

INSERT INTO VALORMEDICION
VALUES (12356, 7, 56, NULL, 294, 244, 162.000015258789, NULL, 5, NULL, '2025-08-15 11:33:34', '45806');

INSERT INTO VALORMEDICION
VALUES (12357, 7, 56, NULL, 295, 244, 17.5, NULL, 6, NULL, '2025-08-15 11:33:38', '45806');

INSERT INTO VALORMEDICION
VALUES (12358, 9, 56, NULL, 289, 244, 35.7800025939941, NULL, 1, NULL, '2025-08-15 11:34:10', '45806');

INSERT INTO VALORMEDICION
VALUES (12359, 9, 56, NULL, 291, 244, 66.7200012207031, NULL, 2, NULL, '2025-08-15 14:40:43', '45806');

INSERT INTO VALORMEDICION
VALUES (12360, 9, 56, NULL, 292, 244, 34.8400001525879, NULL, 3, NULL, '2025-08-15 14:40:45', '45806');

INSERT INTO VALORMEDICION
VALUES (12361, 9, 56, NULL, 293, 244, 37.9000015258789, NULL, 4, NULL, '2025-08-15 14:40:50', '45806');

INSERT INTO VALORMEDICION
VALUES (12362, 9, 56, NULL, 294, 244, 162.000015258789, NULL, 5, NULL, '2025-08-15 14:40:51', '45806');

INSERT INTO VALORMEDICION
VALUES (12363, 9, 56, NULL, 295, 244, 17.5, NULL, 6, NULL, '2025-08-15 14:40:51', '45806');

INSERT INTO VALORMEDICION
VALUES (12364, NULL, NULL, NULL, NULL, NULL, NULL, NULL, NULL, NULL, '2025-08-15 11:34:37', '45806');

INSERT INTO VALORMEDICION
VALUES (12365, 10, 56, NULL, 289, 244, 35.7800025939941, NULL, 1, NULL, '2025-08-15 11:37:14', '45806');

INSERT INTO VALORMEDICION
VALUES (12366, 10, 56, NULL, 291, 244, 66.7200012207031, NULL, 2, NULL, '2025-08-15 14:41:11', '45806');

INSERT INTO VALORMEDICION
VALUES (12367, 10, 56, NULL, 292, 244, 34.8400001525879, NULL, 3, NULL, '2025-08-15 14:41:12', '45806');

INSERT INTO VALORMEDICION
VALUES (12368, 10, 56, NULL, 293, 244, 37.8800010681152, NULL, 4, NULL, '2025-08-15 14:41:19', '45806');

INSERT INTO VALORMEDICION
VALUES (12369, 10, 56, NULL, 294, 244, 162.000015258789, NULL, 5, NULL, '2025-08-15 11:37:24', '45806');

INSERT INTO VALORMEDICION
VALUES (12370, 10, 56, NULL, 295, 244, 17.5, NULL, 6, NULL, '2025-08-15 14:41:24', '45806');

INSERT INTO VALORMEDICION
VALUES (12371, 13, 56, NULL, 289, 244, 35.8000030517578, NULL, 1, NULL, '2025-08-15 14:41:51', '45806');

INSERT INTO VALORMEDICION
VALUES (12372, 13, 56, NULL, 291, 244, 66.7000045776367, NULL, 2, NULL, '2025-08-15 14:41:55', '45806');

INSERT INTO VALORMEDICION
VALUES (12373, 13, 56, NULL, 292, 244, 34.6300010681152, NULL, 3, NULL, '2025-08-15 14:41:58', '45806');

INSERT INTO VALORMEDICION
VALUES (12374, 13, 56, NULL, 293, 244, 37.8000030517578, NULL, 4, NULL, '2025-08-15 14:42:04', '45806');

INSERT INTO VALORMEDICION
VALUES (12375, 13, 56, NULL, 294, 244, 162.000015258789, NULL, 5, NULL, '2025-08-15 14:42:08', '45806');

INSERT INTO VALORMEDICION
VALUES (12376, 13, 56, NULL, 295, 244, 17.6000003814697, NULL, 6, NULL, '2025-08-15 14:42:12', '45806');

INSERT INTO VALORMEDICION
VALUES (12377, NULL, NULL, NULL, NULL, NULL, NULL, NULL, NULL, NULL, '2025-08-15 14:42:17', '45806');

INSERT INTO VALORMEDICION
VALUES (12378, 14, 56, NULL, 289, 244, 35.8000030517578, NULL, 1, NULL, '2025-08-15 14:42:40', '45806');

INSERT INTO VALORMEDICION
VALUES (12379, 14, 56, NULL, 291, 244, 66.7000045776367, NULL, 2, NULL, '2025-08-15 15:28:55', '45806');

INSERT INTO VALORMEDICION
VALUES (12380, 14, 56, NULL, 292, 244, 34.6500015258789, NULL, 3, NULL, '2025-08-15 14:42:48', '45806');

INSERT INTO VALORMEDICION
VALUES (12381, 14, 56, NULL, 293, 244, 37.8000030517578, NULL, 4, NULL, '2025-08-15 14:42:51', '45806');

INSERT INTO VALORMEDICION
VALUES (12382, 14, 56, NULL, 294, 244, 162.000015258789, NULL, 5, NULL, '2025-08-15 14:42:53', '45806');

INSERT INTO VALORMEDICION
VALUES (12383, 14, 56, NULL, 295, 244, 17.5, NULL, 6, NULL, '2025-08-15 14:42:55', '45806');

INSERT INTO VALORMEDICION
VALUES (12384, 16, 56, NULL, 289, 244, 35.7800025939941, NULL, 1, NULL, '2025-08-15 15:27:42', '45806');

INSERT INTO VALORMEDICION
VALUES (12385, 16, 56, NULL, 291, 244, 66.7000045776367, NULL, 2, NULL, '2025-08-15 14:43:23', '45806');

INSERT INTO VALORMEDICION
VALUES (12386, 16, 56, NULL, 292, 244, 34.6500015258789, NULL, 3, NULL, '2025-08-15 14:43:28', '45806');

INSERT INTO VALORMEDICION
VALUES (12387, 16, 56, NULL, 293, 244, 37.8000030517578, NULL, 4, NULL, '2025-08-15 14:43:34', '45806');

INSERT INTO VALORMEDICION
VALUES (12388, 16, 56, NULL, 294, 244, 162.000015258789, NULL, 5, NULL, '2025-08-15 14:43:36', '45806');

INSERT INTO VALORMEDICION
VALUES (12389, 16, 56, NULL, 295, 244, 17.5, NULL, 6, NULL, '2025-08-15 14:43:39', '45806');

INSERT INTO VALORMEDICION
VALUES (12390, NULL, NULL, NULL, NULL, NULL, NULL, NULL, NULL, NULL, '2025-08-15 14:43:41', '45806');

INSERT INTO VALORMEDICION
VALUES (12391, 17, 56, NULL, 289, 244, 35.8000030517578, NULL, 1, NULL, '2025-08-15 14:43:53', '45806');

INSERT INTO VALORMEDICION
VALUES (12392, 17, 56, NULL, 291, 244, 66.7000045776367, NULL, 2, NULL, '2025-08-15 14:44:00', '45806');

INSERT INTO VALORMEDICION
VALUES (12393, 17, 56, NULL, 292, 244, 34.6300010681152, NULL, 3, NULL, '2025-08-15 14:44:05', '45806');

INSERT INTO VALORMEDICION
VALUES (12394, 17, 56, NULL, 293, 244, 37.8000030517578, NULL, 4, NULL, '2025-08-15 14:44:08', '45806');

INSERT INTO VALORMEDICION
VALUES (12395, 17, 56, NULL, 294, 244, 162.000015258789, NULL, 5, NULL, '2025-08-15 14:44:11', '45806');

INSERT INTO VALORMEDICION
VALUES (12396, 17, 56, NULL, 295, 244, 17.5, NULL, 6, NULL, '2025-08-15 14:44:14', '45806');

INSERT INTO VALORMEDICION
VALUES (12397, NULL, NULL, NULL, NULL, NULL, NULL, NULL, NULL, NULL, '2025-08-15 14:44:17', '45806');

INSERT INTO VALORMEDICION
VALUES (12398, 18, 56, NULL, 289, 244, 35.7900009155273, NULL, 1, NULL, '2025-08-15 15:29:10', '45806');

INSERT INTO VALORMEDICION
VALUES (12399, 18, 56, NULL, 291, 244, 66.75, NULL, 2, NULL, '2025-08-15 14:44:37', '45806');

INSERT INTO VALORMEDICION
VALUES (12400, 18, 56, NULL, 292, 244, 34.6400032043457, NULL, 3, NULL, '2025-08-15 14:44:43', '45806');

INSERT INTO VALORMEDICION
VALUES (12401, 18, 56, NULL, 293, 244, 37.7000007629395, NULL, 4, NULL, '2025-08-15 14:44:48', '45806');

INSERT INTO VALORMEDICION
VALUES (12402, 18, 56, NULL, 294, 244, 162.000015258789, NULL, 5, NULL, '2025-08-15 14:44:51', '45806');

INSERT INTO VALORMEDICION
VALUES (12403, 18, 56, NULL, 295, 244, 17.4000015258789, NULL, 6, NULL, '2025-08-15 14:44:53', '45806');

INSERT INTO VALORMEDICION
VALUES (12404, NULL, NULL, NULL, NULL, NULL, NULL, NULL, NULL, NULL, '2025-08-15 14:44:54', '45806');

INSERT INTO VALORMEDICION
VALUES (12405, NULL, NULL, NULL, NULL, NULL, NULL, NULL, NULL, NULL, '2025-08-15 14:45:03', '45806');

INSERT INTO VALORMEDICION
VALUES (12406, 20, 56, NULL, 289, 244, 35.7900009155273, NULL, 1, NULL, '2025-08-15 15:29:20', '45806');

INSERT INTO VALORMEDICION
VALUES (12407, 20, 56, NULL, 291, 244, 66.7200012207031, NULL, 2, NULL, '2025-08-15 14:45:20', '45806');

INSERT INTO VALORMEDICION
VALUES (12408, 20, 56, NULL, 292, 244, 34.6800003051758, NULL, 3, NULL, '2025-08-15 14:45:27', '45806');

INSERT INTO VALORMEDICION
VALUES (12409, 20, 56, NULL, 293, 244, 37.7000007629395, NULL, 4, NULL, '2025-08-15 14:45:33', '45806');

INSERT INTO VALORMEDICION
VALUES (12410, 20, 56, NULL, 294, 244, 162.100006103516, NULL, 5, NULL, '2025-08-15 14:45:38', '45806');

INSERT INTO VALORMEDICION
VALUES (12411, 20, 56, NULL, 295, 244, 17.5, NULL, 6, NULL, '2025-08-15 14:45:43', '45806');

INSERT INTO VALORMEDICION
VALUES (12412, NULL, NULL, NULL, NULL, NULL, NULL, NULL, NULL, NULL, '2025-08-15 14:45:44', '45806');

INSERT INTO VALORMEDICION
VALUES (12413, 21, 56, NULL, 289, 244, 35.8000030517578, NULL, 1, NULL, '2025-08-15 14:45:56', '45806');

INSERT INTO VALORMEDICION
VALUES (12414, 21, 56, NULL, 291, 244, 66.8000030517578, NULL, 2, NULL, '2025-08-15 14:46:04', '45806');

INSERT INTO VALORMEDICION
VALUES (12415, 21, 56, NULL, 292, 244, 34.9000015258789, NULL, 3, NULL, '2025-08-15 14:46:12', '45806');

INSERT INTO VALORMEDICION
VALUES (12416, 21, 56, NULL, 293, 244, 37.8000030517578, NULL, 4, NULL, '2025-08-15 14:46:18', '45806');

INSERT INTO VALORMEDICION
VALUES (12417, 21, 56, NULL, 294, 244, 161.600006103516, NULL, 5, NULL, '2025-08-15 14:46:24', '45806');

INSERT INTO VALORMEDICION
VALUES (12418, 21, 56, NULL, 295, 244, 17.5, NULL, 6, NULL, '2025-08-15 14:46:27', '45806');

INSERT INTO VALORMEDICION
VALUES (12419, NULL, NULL, NULL, NULL, NULL, NULL, NULL, NULL, NULL, '2025-08-15 14:46:28', '45806');

INSERT INTO VALORMEDICION
VALUES (12420, 24, 56, NULL, 289, 244, 35.8000030517578, NULL, 1, NULL, '2025-08-15 15:30:52', '45806');

INSERT INTO VALORMEDICION
VALUES (12421, 24, 56, NULL, 291, 244, 66.4000015258789, NULL, 2, NULL, '2025-08-15 14:46:44', '45806');

INSERT INTO VALORMEDICION
VALUES (12422, 24, 56, NULL, 292, 244, 34.7000007629395, NULL, 3, NULL, '2025-08-15 14:46:50', '45806');

INSERT INTO VALORMEDICION
VALUES (12423, 24, 56, NULL, 293, 244, 37.6500015258789, NULL, 4, NULL, '2025-08-15 14:46:53', '45806');

INSERT INTO VALORMEDICION
VALUES (12424, 24, 56, NULL, 294, 244, 162.000015258789, NULL, 5, NULL, '2025-08-15 14:46:57', '45806');

INSERT INTO VALORMEDICION
VALUES (12425, 24, 56, NULL, 295, 244, 17.5, NULL, 6, NULL, '2025-08-15 14:47:01', '45806');

INSERT INTO VALORMEDICION
VALUES (12426, NULL, NULL, NULL, NULL, NULL, NULL, NULL, NULL, NULL, '2025-08-15 14:47:02', '45806');

COMMIT WORK;

/* Data for the `CONTROLES` table  (Records 1 - 6) */

INSERT INTO CONTROLES
VALUES (289, 'ANGULO FRESADO', 'SI');

INSERT INTO CONTROLES
VALUES (291, 'LARGO FRESADO', 'SI');

INSERT INTO CONTROLES
VALUES (292, 'ALT. INT. LADO', 'SI');

INSERT INTO CONTROLES
VALUES (293, 'ALT. INT. LADO 2', 'SI');

INSERT INTO CONTROLES
VALUES (294, 'ROS. INC. 10', 'SI');

INSERT INTO CONTROLES
VALUES (295, 'E/CENTROS 10', 'SI');

COMMIT WORK;

/* Data for the `PROCESOS` table  (Records 1 - 6) */

INSERT INTO PROCESOS
VALUES (1964, 56, 289, 126, 1, 244, 60);

INSERT INTO PROCESOS
VALUES (1965, 56, 291, 126, 2, 244, 60);

INSERT INTO PROCESOS
VALUES (1966, 56, 292, 126, 3, 244, 60);

INSERT INTO PROCESOS
VALUES (1967, 56, 293, 126, 4, 244, 60);

INSERT INTO PROCESOS
VALUES (1968, 56, 294, 126, 5, 244, 60);

INSERT INTO PROCESOS
VALUES (1969, 56, 295, 126, 6, 244, 60);

COMMIT WORK;

/* Data for the `PLANILLAMEDICION` table  (Records 1 - 10) */

INSERT INTO PLANILLAMEDICION
VALUES (405, '25-028', 45806, 244, NULL, NULL, NULL, NULL, NULL, NULL, NULL, 126, 60);

INSERT INTO PLANILLAMEDICION
VALUES (406, '25-028', 45806, 244, NULL, NULL, NULL, NULL, NULL, NULL, NULL, NULL, NULL);

INSERT INTO PLANILLAMEDICION
VALUES (407, '25-028', 45806, 244, NULL, NULL, NULL, NULL, NULL, NULL, NULL, NULL, NULL);

INSERT INTO PLANILLAMEDICION
VALUES (408, '25-028', 45806, 244, NULL, NULL, NULL, NULL, NULL, NULL, NULL, NULL, NULL);

INSERT INTO PLANILLAMEDICION
VALUES (409, '25-028', 45806, 244, NULL, NULL, NULL, NULL, NULL, NULL, NULL, NULL, NULL);

INSERT INTO PLANILLAMEDICION
VALUES (410, '25-028', 45806, 244, NULL, NULL, NULL, NULL, NULL, NULL, NULL, NULL, NULL);

INSERT INTO PLANILLAMEDICION
VALUES (411, '25-028', 45806, 244, NULL, NULL, NULL, NULL, NULL, NULL, NULL, NULL, NULL);

INSERT INTO PLANILLAMEDICION
VALUES (412, '25-028', 45806, 244, NULL, NULL, NULL, NULL, NULL, NULL, NULL, NULL, NULL);

INSERT INTO PLANILLAMEDICION
VALUES (413, '25-028', 45806, 244, NULL, NULL, NULL, NULL, NULL, NULL, NULL, NULL, NULL);

INSERT INTO PLANILLAMEDICION
VALUES (414, '25-028', 45806, 244, NULL, NULL, NULL, NULL, NULL, NULL, NULL, NULL, NULL);

COMMIT WORK;

/* Data for the `TOLERANCIAS` table  (Records 1 - 6) */

INSERT INTO TOLERANCIAS
VALUES (1781, 244, -0.2, 35.7, 0.2, NULL, 289, NULL, 56, 1964, 1, 244, NULL);

INSERT INTO TOLERANCIAS
VALUES (1782, 244, -0.3, 66.7, 0.3, NULL, 291, NULL, 56, 1965, 2, 244, NULL);

INSERT INTO TOLERANCIAS
VALUES (1783, 244, -0.2, 34.8, 0.2, NULL, 292, NULL, 56, 1966, 3, 244, NULL);

INSERT INTO TOLERANCIAS
VALUES (1784, 244, -0.2, 37.8, 0.2, NULL, 293, NULL, 56, 1967, 4, 244, NULL);

INSERT INTO TOLERANCIAS
VALUES (1785, 244, -0.5, 162, 0.5, NULL, 294, NULL, 56, 1968, 5, 244, NULL);

INSERT INTO TOLERANCIAS
VALUES (1786, 244, 0, 17.5, 0, NULL, 295, NULL, 56, 1969, 6, 244, NULL);

COMMIT WORK;

/* Data for the `ARTICULOS` table  (Records 1 - 1) */

INSERT INTO ARTICULOS
VALUES (60, 'PREFU109114X1539');

COMMIT WORK;

/* Data for the `ELEMENTOS` table  (Records 1 - 2) */

INSERT INTO ELEMENTOS
VALUES (125, 'CAMISA MANDRIL KGDR 2-3/8');

INSERT INTO ELEMENTOS
VALUES (126, 'BOLSILLO 1 COD. 109974-000');

COMMIT WORK;

/* Data for the `ENCABEZADOPROCESOS` table  (Records 1 - 1) */

INSERT INTO ENCABEZADOPROCESOS
VALUES (244, 126, 60, 56);

COMMIT WORK;

/* Data for the `NOMBREPROCESO` table  (Records 1 - 1) */

INSERT INTO NOMBREPROCESO
VALUES (56, 'REPUESTO AGUJEREADO Y FRESADO 4 EJE');

COMMIT WORK;

/* Data for the `CARGO` table  (Records 1 - 6) */

INSERT INTO CARGO
VALUES (1, 'SUPERVISOR');

INSERT INTO CARGO
VALUES (2, 'DIRECTIVO');

INSERT INTO CARGO
VALUES (3, 'OPERARIO DE PLANTA');

INSERT INTO CARGO
VALUES (4, 'DEPTO TECNICO');

INSERT INTO CARGO
VALUES (5, 'ALMACEN');

INSERT INTO CARGO
VALUES (6, 'INFORMATICA');

COMMIT WORK;

/* Data for the `EMPLEADOS` table  (Records 1 - 6) */

INSERT INTO EMPLEADOS
VALUES (1, 'C', NULL, '1', 'CRISTIAN', 'ANGLARIL', 2, 0, 6, '93', 9);

INSERT INTO EMPLEADOS
VALUES (3, 'LEANDRO', '12', '12', 'LEANDRO', 'ROJAS', 2, 0, 2, '60', 5);

INSERT INTO EMPLEADOS
VALUES (2, 'ARIEL', '12', '12', 'ARIEL', 'FERREYRA', 1, 0, 1, '12', 10);

INSERT INTO EMPLEADOS
VALUES (412, 'RUBEN', '12', '12', 'RUBEN', NULL, NULL, 1, 5, '87', 12);

INSERT INTO EMPLEADOS
VALUES (476, 'JOSE', '12', '12', 'JOSE ANGLARILL', NULL, NULL, 1, 1, '22', NULL);

INSERT INTO EMPLEADOS
VALUES (579, 'DAIANA', NULL, '12', 'DAIANA DAHAMONDE', NULL, NULL, 1, 4, '00', 11);

COMMIT WORK;

/* Data for the `NIVEL` table  (Records 1 - 2) */

INSERT INTO NIVEL
VALUES (0, 'ADMINISTRADOR');

INSERT INTO NIVEL
VALUES (1, 'USUARIO');

COMMIT WORK;

/* Data for the `CLIENTE` table  (Records 1 - 1) */

INSERT INTO CLIENTE
VALUES (10, 'BINNING OIL TOOLS S.A');

COMMIT WORK;

/* Data for the `DESTINATARIO` table  (Records 1 - 14) */

INSERT INTO DESTINATARIO
VALUES (0, '( SIN ASIGNAR )');

INSERT INTO DESTINATARIO
VALUES (1, 'ADMINISTRACION');

INSERT INTO DESTINATARIO
VALUES (2, 'CALIDAD');

INSERT INTO DESTINATARIO
VALUES (3, 'COMERCIAL');

INSERT INTO DESTINATARIO
VALUES (4, 'COMPRAS');

INSERT INTO DESTINATARIO
VALUES (5, 'DEPARTAMENTO TECNICO');

INSERT INTO DESTINATARIO
VALUES (6, 'EXTERNO');

INSERT INTO DESTINATARIO
VALUES (7, 'GERENCIA');

INSERT INTO DESTINATARIO
VALUES (8, 'INTERNO');

INSERT INTO DESTINATARIO
VALUES (9, 'MANTENIMIENTO');

INSERT INTO DESTINATARIO
VALUES (10, 'PRODUCCION');

INSERT INTO DESTINATARIO
VALUES (11, 'PROVEEDOR');

INSERT INTO DESTINATARIO
VALUES (12, 'RECURSOS HUMANOS');

INSERT INTO DESTINATARIO
VALUES (13, 'SISTEMAS');

COMMIT WORK;

/* Data for the `EMAILEXTERNO` table  (Records 1 - 5) */

INSERT INTO EMAILEXTERNO
VALUES (1, '1 CRISTIAN ROHDENBURG', 'CRISTIAN.BILYK@GMAIL.COM');

INSERT INTO EMAILEXTERNO
VALUES (2, '2 SEBASTIAN GARRO', 'CALIDAD@ABBAMAT.COM.AR');

INSERT INTO EMAILEXTERNO
VALUES (3, '3 CRISTIAN ZAMORA', 'MATRICERIA@ABBAMAT.COM.AR');

INSERT INTO EMAILEXTERNO
VALUES (4, '4 ARIEL FERREYRA', 'AFERREYRA@ABBAMAT.COM.AR');

INSERT INTO EMAILEXTERNO
VALUES (5, '5 JOSE ANGLARILL', 'JANGLARIL@ABBAMAT.COM.AR');

COMMIT WORK;

/* Data for the `EMAILINTERNO` table  (Records 1 - 13) */

INSERT INTO EMAILINTERNO
VALUES (2, 'MATRICERIA@ABBAMAT.COM.AR');

INSERT INTO EMAILINTERNO
VALUES (6, 'JANGLARILL@ABBAMAT.COM');

INSERT INTO EMAILINTERNO
VALUES (8, 'PLANIFICACION@ABBAMAT.COM.AR');

INSERT INTO EMAILINTERNO
VALUES (10, 'AFERREYRA@ABBAMAT.COM.AR');

INSERT INTO EMAILINTERNO
VALUES (11, 'CALIDAD@ABBAMAT.COM.AR');

INSERT INTO EMAILINTERNO
VALUES (13, 'TOMASTOLOZAOK15@GMAIL.COM');

INSERT INTO EMAILINTERNO
VALUES (14, 'CRISTIAN.CARSOFT@GMAIL.COM');

INSERT INTO EMAILINTERNO
VALUES (12, 'ALMACEN@ABBAMAT.COM.AR');

INSERT INTO EMAILINTERNO
VALUES (20, 'CRISTIAN.BILYK@GMAIL.COM');

INSERT INTO EMAILINTERNO
VALUES (9, 'SISTEMAS@ABBAMAT.COM.AR');

INSERT INTO EMAILINTERNO
VALUES (0, 'LEANDROBUCCIONI07@GMAIL.COM');

INSERT INTO EMAILINTERNO
VALUES (5, 'LPOTECA@ABBAMAT.COM.AR');

INSERT INTO EMAILINTERNO
VALUES (18, 'informesabbamat@gmail.com');

COMMIT WORK;

/* Data for the `ESTADO` table  (Records 1 - 5) */

INSERT INTO ESTADO
VALUES (1, 'APTO');

INSERT INTO ESTADO
VALUES (2, 'DE REFERENCIA');

INSERT INTO ESTADO
VALUES (3, 'NO ENCONTRADO');

INSERT INTO ESTADO
VALUES (4, 'NO EXISTE');

INSERT INTO ESTADO
VALUES (5, 'SIN DEFINIR');

COMMIT WORK;

/* Data for the `FORMULARIOS` table  (Records 1 - 7) */

INSERT INTO FORMULARIOS
VALUES (1, 579, 'True', 'True', 'True', 'True', 'True', 'True', 'True', 'True', 'True', 'True', 'True', 'True', 'True', 'True', 'True', 'True', 'True', 'True', 'True', 'True', 'True', 'True');

INSERT INTO FORMULARIOS
VALUES (2, 1, 'True', 'True', 'True', 'True', 'True', 'True', 'True', 'True', 'True', 'True', 'True', 'True', 'True', 'True', 'True', 'True', 'True', 'True', 'True', 'True', 'True', 'True');

INSERT INTO FORMULARIOS
VALUES (3, 238, 'True', 'True', 'True', 'True', 'True', 'True', 'True', 'True', 'True', 'True', 'True', 'True', 'True', 'True', 'True', 'True', 'True', 'True', 'True', 'True', 'True', 'True');

INSERT INTO FORMULARIOS
VALUES (5, 474, NULL, NULL, 'True', 'True', 'True', 'True', 'True', 'True', 'True', 'True', 'False', 'True', 'True', 'True', 'True', 'True', 'True', 'True', 'True', 'True', 'True', 'True');

INSERT INTO FORMULARIOS
VALUES (6, 476, NULL, NULL, 'False', NULL, NULL, NULL, NULL, NULL, NULL, NULL, NULL, NULL, NULL, NULL, NULL, NULL, NULL, NULL, NULL, NULL, NULL, NULL);

INSERT INTO FORMULARIOS
VALUES (7, 2, 'True', NULL, NULL, NULL, NULL, NULL, NULL, NULL, NULL, NULL, NULL, NULL, NULL, NULL, NULL, NULL, NULL, NULL, NULL, NULL, NULL, NULL);

INSERT INTO FORMULARIOS
VALUES (8, 579, NULL, NULL, NULL, NULL, NULL, NULL, 'True', NULL, NULL, NULL, NULL, NULL, NULL, NULL, NULL, NULL, NULL, NULL, NULL, NULL, NULL, NULL);

COMMIT WORK;

/* Data for the `HALLAZGOS` table  (Records 1 - 18) */

INSERT INTO HALLAZGOS
VALUES (4, '00004-23', 'MOLDE LLUVIA DORADA', '22-073', 'LA FORMA DE LOS BASTONES DE LA FIGURA NO SE ENCUENTRAN SEG?N LAS ESPECIFICACIONES', 10, 'BASTONES EN FIGURA DE MOLDE NO SE ENCUENTRAN ACORDES AL DISE?O', 1, 'DMG 800V', 'RIGOLLEAU', '2023-07-17', 'RECEPCI?N DE CLIENTE', 'INSPECTOR 4959', '2', 'SE VIO AL REALIZAR CERA QUE GRABADO DE BASTONES EN FIGURA DE MOLDE NO SE ENCUENTRAN ACORDES. EN CARA QUE TIENE EL ?VALO, EL BAST?N INFERIOR EST? FINO Y TERMINA EN PUNTA. DEBE SER M?S CUADRADO, LO MISMO EN CARA QUE RTIENE EL CUADRADO, EN LA PARTE INFERIOR LOS LTIMOS 2 
BASTONES ESTN FINOS Y DEBEN TERMINAR EN FORMA CAUDRADA.', 'PORQUE SE TOMO COMO BASE PARA LA REALIZACION DEL CAM EL 3D ENVIADO', 'EL 3D TERMINABA EN PUNTA EN LOS BASTONES INDICADOS', NULL, NULL, NULL, 'SE REALIZA EN FUNCI?N DEL DISE?O 3D DE LA FIGURA LA PROGRAMACI?N "CAM" PARA EL MECANIZADO INTERIOR.', 'CORRECI?N DE LOS MOLDES SEG?N LO SOLICITADO', 'X', NULL, NULL, 'JOAQU?N BEQUE', 'PROCEDIMIENTO PARA GRABADO DE FIGURA DE MOLDES', 'X', NULL, NULL, 'JOAQU?N BEQUE', NULL, NULL, NULL, NULL, NULL, NULL, NULL, NULL, NULL, NULL, NULL, NULL, NULL, NULL, NULL, NULL, NULL, NULL, NULL, NULL, 'FACUNDO ACEVEDO', '2023-08-04', 'X', 'X', NULL, 'X', 'Se encuentra un procedimiento de control de grabados IT-006', '2024-03-04', 'Joaqun', 'No se detectaron desvios similares en producciones posteriores', '2024-03-04', 'joaqun');

INSERT INTO HALLAZGOS
VALUES (3, '00003-23', 'CHOPP HOLANDES', 'R-22-026', 'PRODUCTO FUERA DE ESPICIFACI?N', 6, 'ALGUNOS MOLDES NO SE ENCUENTRAN PULIDOS EN LA ZONA DE FACETAS', 1, 'BANCO DE PULIDO', 'RIGOLLEAU', '2023-07-12', 'RECEPCI?N DE CLIENTE', 'INSPECTOR LEG: 1558', '51', 'EN LA OC SE DETALLA QUE EL JUEGO DE M/F SE DEBE ENTREGAR LISTO PARA PRODUCCION, ALGUNOS M/F NO SE ENCUENTRAN PULIDOS, EN LA ZONA DE FACETAS MAYORITARIAMENTE.', 'SE REALIZA EL PULIDO EN LA ZONA DE REPARACI?N.
', 'EN REPARACIONES ANTERIORES SE REALIZABA ESTE PROCEDIMIENTO DE PULIDO.', 'LAS FACETAS YA HAB?AN SIDO PULIDAS EN UNA PRIMERA INSTANCIA Y NO SE UNIFIC? EL PULIDO', NULL, NULL, 'DEBIDO A QUE LAS FACETAS YA TEN?AN UN PROCESO DE PULIDO EN UNA PRIMERA INSTANCIA, SE OMITI? EN UNA SEGUNDA ETAPA DE PULIDO LA UNIFICACI?N DE ESTE PULIDO, TOMANDO COMO ANTECEDENTE OTRAS REPARACIONES YA REALIZADAS EN CUALES SOLAMENTE SE PULIA LAS ZONAS AFECTADAS EN LA REPARACI?N.', 'UNIFICACI?N DE PULIDO
', 'X', NULL, '03/08/2023', 'JOAQUIN BEQUE', 'PROCEDIMIENTO PARA PULIDO DE REPARACIONES
', 'X', NULL, '03/08/2023', 'JOAQUIN BEQUE', NULL, NULL, NULL, NULL, NULL, NULL, NULL, NULL, NULL, NULL, NULL, NULL, NULL, NULL, NULL, NULL, NULL, NULL, NULL, NULL, 'FACUNDO ACEVEDO', '2023-08-03', 'X', 'X', NULL, 'X', 'Se encuentra un instructivo de trabajo IT-005 para pulido', '2024-03-04', 'Joaqun', 'No se detectaron desvios similares en producciones posteriores', '2024-03-04', 'joaqun');

INSERT INTO HALLAZGOS
VALUES (5, '00005-23', 'TAPA DE PARISON', '23-019 / 23-018', 'POROS Y MICROPOROS', 11, 'SE DETECTAN POROS EN LA PIEZA, UNA VEZ MECANIZADA', 1, 'TSUGAMI TMA8J', 'ABBAMAT', '2023-08-07', 'PRODUCCI?N', 'LUCAS MOLINARI', '80', 'EN EL PROCESO DE TORNEADO, TANTO LADO OREJA, COMO LADO FIGURA, SE DETECTAN POROS Y MICROPOROS EN ZONAS CR?TICAS
', 'pOR FALTA DE COQUILLA EN EL MOLDEO', NULL, NULL, NULL, NULL, 'pOR FALTA DE COQUILLA EN EL MOLDEO', 'Como accion correctiva: se realiz una operacin de mxima prioridad, aprovechando que tenamos 40 tapas Nro. 1 fundidas en stock. Las usamos como modelo, y moldeamos 100 tapas y las fundimos hoy mismo, pero aplicndoles una coquilla a cada una.', 'X', NULL, '7/8/2023', 'Berisso', 'Como accion preventiva, se solicita para futuros pedidos que el modelo indique siempre claramente y enfticamente la cara a acoquillar, dado que hay modelos similares que a veces no incluyen coquilla. Caso contrario, modelo enviado sin indicaciones s', 'X', NULL, '7/8/23', 'jose', NULL, NULL, NULL, NULL, NULL, NULL, NULL, NULL, NULL, NULL, NULL, NULL, NULL, NULL, NULL, NULL, NULL, NULL, NULL, NULL, 'Facundo', '2023-08-08', 'x', 'x', 'x', 'x', 'Se verifica que en modelos posteriores se marcaron las caras a ser coquilladas de color negro', '2023-08-31', 'Facundo', 'No se detectaros defectos similares en producciones posteriores', '2023-09-19', 'joaquin');

INSERT INTO HALLAZGOS
VALUES (6, '00006-23', 'FONDO STELLA AROTIS 710', '23-018', 'FALLA EN EL GRABADOS POSTERIOR Y LATERAL DEL FONDO', 5, 'SE GRABAN MAL DOS FONDOS', 1, 'TSUGAMI TMA8J', 'ABBAMAT', '2023-10-09', 'PRODUCCI?N', 'LUCAS MOLINARI', '2', 'DOS FONDOS SE ENCUENTRAN MAL GRABADOS, UNO DE LOS CUALES EN LA PARTE POSTERIOR NO CORRESPONDE CON LA DESCRIPCI?N SOLICITADA, Y EL OTRO EN LA PARTRE LATERAL TIENE MAL UNO DE LOS N?MEROS.', 'SE TOMO EN CUENTA GRABAR UNA CARA SEGUN DESCRIPCION PERO NO SE VIO LA OTRA DESCRIPCION DEL OTRO LADO A GRABAR', 'HABITUALMENTE LOS GRABADOS SIEMPRE ESTAN UBICADOS EN LA UNA CARA ESPECIFICA Y PARA ESTE PROYECTO SE AGREGO OTRA CARA, ESTO OCACIONO QUE ASE ESCAPARA A LA VISTA', 'AL AGREGAR ESTE GRABADO NUEVO GRABADO DE FORMA URGENTE UN NUMERO SE TIPEO MAL Y  NO REVISO LA SIMULACION', 'EL PROGRAMADOR CAM SOLICITO APOYO DE LA PERSONA QUE ESTABA CAPACITANDO Y ESTA INTERPRETO OTRO NUMERO', '', 'LA CAUSA FUE POR UNA OMISION DE LECTURA Y ESTA OMISION PROVOCO UN ERROR.SE REVISARA TODAS LAS SIMULACIONES SIN EXEPCION Y PARA LOS GRABADOS SE INCORPORA EN LA PLANILLA RT01 LOS ITEM DE GRABADOS EXTERIORES LATERALES EN MOLDE Y FONDO PARISON Y TAPA, PARA QUE PROGRAMADOR BUSQUE OTROS GRABADOS EN EL PLANO SI ESTA LO REALIZA DANDO POR OK SI ESTA SIMULADO.
SE RECOMIENDA COMO MEDIDA DE SEGURIDAD QUE EN LOS CASOS QUE LA MAQUINA NO TENGA SIMULADOR HACER UNA PASADA DE ROZAMIENTO PARA QUE EN CASO QUE LO ANTERIOR FALLE NO SE ARRUINE LA PIEZA.', 'SE REALIZO EL PROGRAMA FALTANTE', NULL, NULL, NULL, NULL, 'SE CORRIGIO Y SE REGRABO LA PIEZA', NULL, NULL, NULL, NULL, NULL, NULL, NULL, NULL, NULL, NULL, NULL, NULL, NULL, NULL, NULL, NULL, NULL, NULL, NULL, NULL, NULL, NULL, NULL, NULL, NULL, NULL, NULL, NULL, NULL, NULL, NULL, NULL, NULL, NULL, NULL, NULL);

INSERT INTO HALLAZGOS
VALUES (8, '00007-23', 'FONDO STELLA ARTOIS 710', '23-018', 'POROS', 11, 'POROS EN LA SUPERFICIE', 1, 'TSUGAMI TMA8J', 'ABBAMAT', '2023-08-09', 'PRODUCCI?N', 'MOLINARI LUCAS', '2', 'AL MECANIZAR LA PRIMERA OPERACI?N DE TORNO, EN LA ZONA DEL FRENTE DE ALA SE DETECTAN POROS DE GRANDES DIMENSIONES.', 'Falla durante el proceso de fundicion, posibles impurezas que generan gases', NULL, NULL, NULL, NULL, 'Falla durante el proceso de fundicion, posibles impurezas que generan gases', 'Envio de puezas de resguardo para evitar estos inconveniente', 'x', NULL, '9/8/2023', 'Berisso', NULL, NULL, NULL, NULL, NULL, NULL, NULL, NULL, NULL, NULL, NULL, NULL, NULL, NULL, NULL, NULL, NULL, NULL, NULL, NULL, NULL, NULL, NULL, NULL, NULL, 'Joaquin', '2023-08-31', 'x', 'x', 'x', 'x', 'Se detecta el envio de piezas de resguardo durante las producciones posteriores en todas las molderias', '2023-08-31', 'joaquin', 'Se evidencia un proceso estandarizado para la solicitud y envio de piezas de resguardo para evitar defectos particulares', '2023-09-19', 'Joaquin');

INSERT INTO HALLAZGOS
VALUES (9, '00008-23', 'PARISON STELLA ARTOIS 710', '23-018', 'FISURA', 11, 'FISURA EN PERFIL ? INTERIOR', 1, 'NLX 2500/700', 'ABBAMAT', '2023-08-10', 'PRODUCCI?N', 'MOLINARI LUCAS', '1 MACHO', 'AL MECANIZAR LA SEGUNDA TERMINACI?N DE PERFIL ? INTERIOR SE ENCUETRA QUE EL MATERIAL PRESENTA FISURAS EN LA ZONA DE LA BOCHA Y PARTE DE LA FIGURA DEL PARISON.', 'Causas particulares del proceso de fundicion, por eso es una sola pieza con tal defecto', NULL, NULL, NULL, NULL, 'Causas particulares del proceso de fundicion, por eso es una sola pieza con tal defecto', 'Envio de piezas de resguardo', 'x', NULL, '10-8-23', 'Berisso-Ruben', NULL, NULL, NULL, NULL, NULL, NULL, NULL, NULL, NULL, NULL, NULL, NULL, NULL, NULL, NULL, NULL, NULL, NULL, NULL, NULL, NULL, NULL, NULL, NULL, NULL, 'Joaquin', '2023-08-16', 'x', 'x', 'x', 'x', 'Se observa que en producciones posteriores existen piezas enviadas como resguardo de calidad', '2023-08-31', 'Joaquin', 'Se verifica que existe un proceso de pedido y envio de piezas de resguardo en todas las molderias solicitadas', '2023-09-19', 'Joaquin');

INSERT INTO HALLAZGOS
VALUES (10, '00009-23', 'MOLDE TARRO ALBA 330', '23-014', 'FALTANTE DE MATERIAL', 11, 'FALTANTE DE MATERIAL EN ZONA DE FRENTE', 1, 'VF3-2', 'ABAMMAT', '2023-08-16', 'PRODUCCI?N', 'ROJAS MARIO', '14 MITADES', 'FALTANTE DE MATERIAL POR MAL AMOLADO EN ZONA DE FRENTE.', 'Falla en el proceso de amolado en la limpieza de la pieza', NULL, NULL, NULL, NULL, 'Falla en el proceso de amolado en la limpieza de la pieza', 'Re ajuste del proceso de mecanizado para posible empleo de las mismas', 'x', NULL, '16-8-23', 'Jose - Mario', 'Reposicion de piezas NG', NULL, 'x', '16-8-23', 'Berisso', 'Control antes del envio', NULL, 'x', '16-8-23', 'Berisso', NULL, NULL, NULL, NULL, NULL, NULL, NULL, NULL, NULL, NULL, NULL, NULL, NULL, NULL, NULL, 'JOAQUIN', '2023-08-16', 'X', 'X', 'X', 'X', 'Se detecta el envio de piezas de resguardo', '2023-06-30', 'joaquin', 'No se detectaron desvios similares en producciones posteriores', '2023-07-06', 'joaquin');

INSERT INTO HALLAZGOS
VALUES (11, '00010-23', 'AUDITORA INTERNA DE REGISTROS', '23-018', 'FALTA DE IDENTIFICACIN EN LOS CARROS', 10, 'FALTA DE IDENTIFICACIN EN LOS CARROS EN MOLDES Y PARISONES DEL PROYECTO 23-018 STELA ARTOIS 710', 1, 'VF3', 'ABBAMAT', '2023-08-07', 'PRODUCCIN', 'CSAR', '6 CARROS', '1) EN LOS 3 CARROS DE MOLDES SOLO SE CONFECCION UNA SOLA TARJETA PARA SU IDENTIFICACIN.
2) LOS 3 CARROS SE ENCONTRABAN CON SU TARJETA DE IDENTIFICACIN, PERO NO ESTABA TILDADO EL AVANCE DE LOS PROCESOS DE MECANIZADO.', 'No hay una responsabilidad establecida', 'Falta una metodologia definida de como se debe identificar los carros', NULL, NULL, NULL, 'Falta una metodologia definida de como se debe identificar los carros', 'Definir una metodologia para la identificacin de los carros, y los responsabilidades dentro del proceso.', NULL, 'x', '5/3/2024', 'Joaqun', 'Capacitacion sobre registros', 'x', NULL, '11-3-2024', 'Cesar Bruno', NULL, NULL, NULL, NULL, NULL, NULL, NULL, NULL, NULL, NULL, NULL, NULL, NULL, NULL, NULL, NULL, NULL, NULL, NULL, NULL, 'Joaquin', '2024-03-05', 'x', 'x', 'x', 'x', NULL, NULL, NULL, NULL, NULL, NULL);

INSERT INTO HALLAZGOS
VALUES (12, '00011-23', 'AUDITORA INTERNA DE REGISTRO', '23-018', 'FALTA DE TOLERANCIAS EN MEDIDAS DE PERFIL', 2, 'FALTA DE TOLERANCIAS EN MEDIDAS DE PERFIL INTERIOR EN LA ORDEN DEL PROYECTO 23-018 STELLA ARTOIS 710', 1, 'NLX2500', 'ABBAMAT', '2023-08-07', 'PRODUCCIN', 'CSAR', '1 ORDEN DE PROCESO', 'NO ESTN INDICADAS LAS TOLERANCIAS EN LAS COTAS DE PERFIL INTERIOR 51.6 / 41.4 / 40.4 / 49 QUE CONFORMAN LA FIGURA Y DETERMINAN EL VOLUMEN DEL PARISN.', 'NO SE INDICA LA TOLERANCIA PORQUE COMO METODOLOGA SE UTILIZABA LA MEDIDA DE VOLUMEN COMO CONTROL.', 'NO SE TRASLADA LAS TOLERANCIAS DE LA PIEZA CUBICADA CON EL VOLUMEN CORRECTO.', '', NULL, NULL, 'NO SE INDICA LA TOLERANCIA PORQUE COMO METODOLOGA SE UTILIZABA LA MEDIDA DE VOLUMEN COMO CONTROL', 'SE INCORPORAR UNA NOTA AL PIE DE LA HOJA DE PROCESO QUE DICE: "LA TOLERANCIA DE LOS PERFILES SE DEFINEN UNA VEZ REALIZADA LA TOMA DE VOLUMEN"', NULL, 'X', '14/08/2023', 'FACUNDO ACEVEDO', '', '', NULL, '', '', '', NULL, NULL, NULL, NULL, NULL, NULL, NULL, NULL, NULL, NULL, NULL, NULL, NULL, NULL, NULL, NULL, NULL, NULL, NULL, 'CSAR - FACUNDO', '2023-08-14', 'X', 'X', NULL, NULL, 'Se comprueba en la Orden de proceso RP02 N 43290 la cuan presenta una aclaracin que dice: " Las cotas que afectan al volumen pueden quedar fuera de tolerancia a fin de alcanzar el volumen solicitado"', '2024-03-05', 'Joaquin', 'Se  verifica que las plantillas que se utilizan para las ordenes de produccion cuentan con la leyenda', '2024-03-05', 'joaquin');

INSERT INTO HALLAZGOS
VALUES (14, '00012-23', 'PLANOS', 'AUDINT-01', 'DESVIOS EN PLANOS', 5, 'Desvios en planos', 1, 'Varias', 'Planta', '2023-12-14', 'Abbamat producin', 'Cesar Bruno', '--', 'Verificacin del cumplimiento:

 7: 8.3.5 Salidas del diseo y desarrollo
La organizacin debe asegurarse de que las salidas del diseo y desarrollo:
a) Incluyen o hacen referencia a los requisitos de seguimiento y medicin, cuando sea apropiado, y a los criterios de aceptacin; b) especifican las caractersticas de los productos y servicios que son esenciales para su propsito previsto y su provisin segura y correcta.

Se verifico durante la auditoria interna en produccin vario desvos en los planos, se detallan a continuacin:
Eo1: En el plano del cliente Veralli "Molde de Boca - Boca 55" con el N PT-005-202-0, la copia impresa no tiene las vistas en 3D, solo esta impresas las cotas del dibujo 3D.

Eo2: En el plano de Desbaste Plano de Abbamat "Vaso Amsterdam" con N 23-041.11, no est indicado los dos agujeros roscados W 7/16'' x 14 de profundidad 25 mm. 

Eo3: En el plano del cliente Cattorini "Exterior de Parison cerveza sol 330" correspondiente al proyecto N 23-037.50, se detectaron los siguientes desvos:
a)	No est indicada la cota 41 mm y profundidad 16 mm correspondiente a la posicin del centro de la rosca Taco Tirador M8.0
b)	No est indicado el agujero roscado W " x12 y la profundidad 25 mm, que se utiliza para fijar la pieza en el proceso de torneado.
c)	Los agujeros roscados w " segn indica el plano estn sobre un radio de 61 mm, medida que es errnea ya que los mismo quedaran con faltante de material cuando se realiza el mecanizado final del fresado en la cabeza. El radio correcto debera ser 58,05 mm.

', 'Eo1:EL PLANO RECIDO POR EL CLIENTE NO TENIA LAS VISTAS 3D Y SE IMPRIMIO SIN EDITAR.', 'Eo2: EL PLANO FUE EDITADO EN PRODUCCION PARA INDICAR AL OPERARIO DONDE HACER AGUJERO INCORPORANDO LA ESPECIFICACION MANUALMENTE SOBRE EL PLANO IMPRESO. EN CASOS PARTICULARES LOS SUPERVISORES O ARMADORES ESCRIBEN COTAS ADICIONALES O DESCRIPCIONES PARA LOS PROCESOS', 'Eo3: SON COTAS QUE NO VIENEN EN LOS PLANOS DE CLIENTE Y DEBERIAN HABER ESTADO INCLUIDAS Y PARA NO EDITAR EL PLANO DE CLIENTE NO LAS INCORPORE POR ESTAR ACLARADO EN EL ROTULO DEL PLANO QUE LOS PLANOS NO PUEDEN SER MODIFICADOS SIN AUTORIZACION DE DTO TECNICO DE CATTORINI', '', '', 'LOS CASOS QUE SON ENCONTRADOS DIEMNSIONAL FALTANTE SE CORRIGEN CON AUTORIZACION DEL CLIENTE EN CASO QUE NO HAYA COHERECIA EN LOS DIMENCIONALES POR ERROR O AGREGANDO LOS FALTANTES DE REFERENCIA PARA NO ANOTAR MANUALMENTE.', 'SE AGREGAN FALTANTES ANTES DE IMPRIMER LOS PLANOS Y SE  MODIFICARIA EN EL PROCEDIMENTO PODER INCLUIR COTAS ADICIONALES SOBRE LOS PLANOS DE FORMA ESCRITA CON FIRMA DEL RESPONSABLE', NULL, NULL, NULL, NULL, 'Eo2: SE INCORPORA EN PLANO DE PROCESO DESBASTE PLANO ESTE AGUJERO PARA SUJECION', NULL, NULL, NULL, NULL, '', NULL, NULL, NULL, NULL, NULL, NULL, NULL, NULL, NULL, NULL, NULL, NULL, NULL, NULL, NULL, NULL, NULL, NULL, NULL, NULL, NULL, NULL, NULL, NULL, NULL, NULL, NULL, NULL, NULL, NULL, NULL);

INSERT INTO HALLAZGOS
VALUES (18, '00014-24', 'Auditoria Externa', 'AUDEXT-01', 'Falta de perfil de puesto Auditor interno', 12, 'Se observa que no se ha establecido cuales son las competencias necesarias para los Auditores Internos.', 1, '------', 'Abbamat', '2023-06-28', 'RRHH', 'Auditor externo Victor Bazan', '---', 'Competencia
Se observa que no se ha establecido cuales son las competencias necesarias para los Auditores Internos.
EO:
.Documento: Descripcin de Puesto RH01 Rev.01', 'La direccin de la empresa verifico que el auditor interno tuviera la competencia necesarias solicitando los certificados de  la realizacin del curso de Auditor interno bajo la norma ISO 19011-2011 y el curso de actualizacin de la Norma ISO 9001-2015, pero no considero necesario documentar las competencias del auditor interno.


', NULL, NULL, NULL, NULL, 'La direccin de la empresa verifico que el auditor interno tuviera la competencia necesarias solicitando los certificados de  la realizacin del curso de Auditor interno bajo la norma ISO 19011-2011 y el curso de actualizacin de la Norma ISO 9001-2015, pero no considero necesario documentar las competencias del auditor interno.', 'Generar la Descripcin de Puesto del auditor interno teniendo en cuenta las recomendaciones de la Norma ISO 19011 - 2011.', NULL, 'x', '21/7/23', 'Abel Campillo', 'Se realizara una revisin del procedimiento de Recursos Humanos para establecer la necesidad de determinar todas las competencias del personal que realice actividades en nombre de la empresa.', 'x', NULL, '28/8/23', 'Abel Campillo', NULL, NULL, NULL, NULL, NULL, NULL, NULL, NULL, NULL, NULL, NULL, NULL, NULL, NULL, NULL, NULL, NULL, NULL, NULL, NULL, 'Abel Campillo', '2023-07-21', 'x', 'x', 'x', 'x', 'Se verifica la modificacin del procedimiento P02 con rev 2 con fecha 18-9-23', '2024-03-25', 'Joaquin', 'Se reviso el organigrama y no se detecto perfiles faltantes', '2024-03-25', 'Joaquin Beque');

INSERT INTO HALLAZGOS
VALUES (20, '00016-25', 'ACOPLE PISTON VALVULA DUAL CHECK', '25-036', 'ROSCA 9/16- 18 NO PASA EL ANILLO PATRN', 6, 'Control de Calidad en Binning: Rosca defectuosa, detectada por anillo P-NP, en accin PASA,no pasa', 1, 'HAAS SL30', 'ABBAMAT', '2025-05-12', 'BINNING OIL TOOLS', 'LUIS LUCERO', '40', 'Rosca defectuosa, detectada por anillo P-NP, enn accin PASA, no pasa.', 'Rosca deformada', 'Pieza apretada con una mordaza que gener presin excesiva sobre el primer filete', 'Se us una mordaza dura, inadecuada para piezas blandas', 'Porque el operador no tenia alternativa disponible ni una instruccin sobre el mtodo de sujecin', 'No existe procedimiento para fijar este tipo de piezas durante operaciones auxiliares', 'Falta de estandarizacin en el mtodo de fijacin y uso de herramientas inadecuadas para sujetar piezas delicadas.
', 'Incorporar uso de mordazas blandas para evitar deformaciones', NULL, 'x', 'Prox. O.C', 'JL. Dalla Gassa', 'Estandarizar el procedimiento de fijacin en operaciones auxiliares una vez adoquirida la mordaza en la proxima orden de compra', 'x', NULL, 'Prox. O.C', 'D.Bahamonde', 'Capacitar al personal operativo en tcnicas seguras de sujecin segn el tipo de piezas', NULL, 'x', 'Prox. O.C', 'D.Bahamonde', NULL, NULL, NULL, NULL, NULL, NULL, NULL, NULL, NULL, NULL, NULL, NULL, NULL, NULL, NULL, 'D.Bahamonde', '2025-06-05', NULL, NULL, NULL, NULL, NULL, NULL, NULL, NULL, NULL, NULL);

INSERT INTO HALLAZGOS
VALUES (19, '00015-24', 'AUDITORIA EXTERNA', 'AUDEXT-01', 'Se observa un caso en donde el control de la informacin documentada no es efectivo.', 5, 'Se observa un caso en donde el control de la informacin documentada no es efectivo.', 1, 'TSUGAMI', 'ABBAMAT', '2023-06-28', 'PRODUCCION', 'AUDITOR EXTERNO VICTOR BAZAN', '----', 'Control de la informacin documentada
Se observa un caso en donde el control de la informacin documentada no es efectivo. Se evidencia plano de produccin con agregado, en forma manual, de caracterstica del proceso (cota angular) sin una validacin de esta.
EO:.Plano: Fondo para frasco "Lluvia Dorada" de 250 cc
Proyecto N: 22-073,  ART. N: 97547-1
Agregado con lapicera de una cota angular', 'No existe una metodologa sistematizada para que los ajustes de medidas o de especificaciones en los planos sea salvada (firmada) por el responsable de ingeniera sobre el documento que se utiliza en el proceso productivo.', NULL, NULL, NULL, NULL, 'No existe una metodologa sistematizada para que los ajustes de medidas o de especificaciones en los planos sea salvada (firmada) por el responsable de ingeniera sobre el documento que se utiliza en el proceso productivo.', 'Se recolectaron todos los planos del Proyecto N: 22-073,  ART. N: 97547-1, se verificaron las cotas escritas manualmente y se salvaron colocando la firma del responsable de Oficina tcnica al lado de cada cota modificada.', NULL, 'X', '5-7-23', 'Ariel Ferreyra', 'Incorpora al Procedimiento P06 - Rev. 01 - Gestin del diseo y de la documentacin tcnica, la metodologa para que quede un registro formal de los cambios que se realicen durante el proceso de fabricacin en los documentos de produccin.', 'X', NULL, '28-8-23', 'Ariel Ferreyra', NULL, NULL, NULL, NULL, NULL, NULL, NULL, NULL, NULL, NULL, NULL, NULL, NULL, NULL, NULL, NULL, NULL, NULL, NULL, NULL, 'ARIEL FERREYRA', '2023-07-05', 'X', 'X', 'X', 'X', 'Se verifica que existe una modificacion en el procedimiento P06ncon revision 3 con fecha 28-6-23', '2024-03-25', 'Joaquin', 'Se verifica en el plano 24-006.15 una cota 19.568 realizada con lapicera firmada por Ariel con fecha 16-2-24', '2024-03-25', 'Joaquin');

INSERT INTO HALLAZGOS
VALUES (21, '00017-25', 'CARCAZA PORTA CLAPETA 109830-000', '25-031', 'El alojamiento del porta clapeta fue generado con una herramienta desgastada, lo que provoc una forma cnica y rebaba en la superficie. Esta condicin impidi el correcto ensamble de la clapeta, afectando la funcionalidad del conjunto.', 6, 'Durante el control final de las piezas, se detectaron dificultades en el ensamble de la clapeta con su alojamiento. se identifico que el problema estaba presente en las 76 piezas, afectando la funcionalidad del conjunto', 1, 'Sector mecanizado- DMG', 'ABBAMAT', '2025-06-06', 'AUDITOR EXTERNO', 'LUIS LUCERO', '6/6/2025', 'Durante la verificacin de las piezas, se detect que el alojamiento presenta conicidad y rebaba, lo que impide el correcto ensambla con la clapeta. Estas deformaciones fueron originadas por el uso de una mecha desgastada durante el proceso de mecanizado, comprometiendo as la funcionalidad del conjunto.', 'Porque la clapeta no logra ensamblarse correctamente en el porta clapeta, impidiendo su cierre.', 'Porque el alojamiento mecanizado presenta una conicidad fuera de tolerancia, lo que impide que el perno atraviese de manera adecuada.', 'Porque se utiliz una mecha desgastada en el proceso de mecanizado.', 'Porque no se realiz un control peridico del estado de desgaste de la herramienta.', 'Porque no exista un procedimiento establecido para la inspeccin o reemplazo de la mecha segn ciclos de uso o condicin visual.', 'Se corrobor la presencia de rebaba y conicidad en otras piezas del lote. Adems, se verific que la mecha utilizada no haba sido reemplazada ni inspeccionada previamente, confirmando el desgaste como origen del defecto', 'zo inmediato de la mecha desgastada.', 'x', NULL, NULL, 'Jose Anglarill', 'Incorporacin de control peridico de herramientas por cantidad de ciclos y evaluacin visual. Cada 20 piezas', NULL, 'x', NULL, 'Jose Anglarill', '.	Actualizacion del programa: se agrega operacin orbital para aumentar vida til de herramienta y mejorar agujereado.', 'x', NULL, NULL, 'Daniel Padovani', '	Establecimiento de control funcional con porta clapeta N2 cada 20 piezas considerando la liberacion', 'x', NULL, NULL, 'Jose Anglarill y D.Bahamonde', 'Implementacion de controles con calizua de diametro 2.25 mm para verificar diametros criticos en liberacion y en proceso', 'x', NULL, NULL, 'Jose Anglarill y D.Bahamonde', NULL, NULL, NULL, NULL, '', 'DAIANA BAHAMONDE', '2025-06-18', 'x', 'x', 'x', 'x', 'Se adjuntan planillas de control', '2025-06-18', 'Daiana Bahamonde', 'Se adjunta', '2025-06-18', 'Daiana Bahamonde');

INSERT INTO HALLAZGOS
VALUES (22, '00018-25', 'ACOPLE PISTN VALVULA- DUAL CHECK', '25-036', 'Rosca defectuosa, detectada por anillo PNP, en accin PASA, no pasa', 6, 'Control final', 1, 'TSUGAMI', 'ABBAMAT', '2025-05-12', 'AUDITOR', 'LUIS LUCERO', '12/5/2025', 'La mordaza utilizada deformo el primer filete de rosca provocando que la rosca PNP NO PASE EN EL PASA', 'PORQUE LA ROSCA ESTA DEFORMADA', 'PORQUE LA PIEZA FUE APRETADA CON UNA MORDAZA  QUE GENERO PRESIN EXCESIVA SOBRE EL PRIMER FILETE', 'PORQUE SE USO UNA MORDAZA DURA, INADECUADA PARA PIEZAS DELICADAS', 'PORQUE EL OPERADOR NO TENIA ALTERNATIVA DISPONIBLE NI UNA INSTRUCCION SOBRE EL METODO DE SUJECIN', 'PORQUE NO EXISTIA UN PROCEDIMIENTO ESTANDARIZADO PARA FIJAR ESTE TIPO DE PIEZAS DURANTE OPERACIONES AUXILIARES', 'Falta de estandarizacion en el metodo de fijacion y uso de herramientas inadecuadas para sujetar piezas delicadas.
', 'Incorporar el uso de mordaza blanda para evitar deformaciones', 'x', NULL, NULL, 'J.L Dalla Gassa', 'Estandarizar el procedimiento de fijacion en operaciones auxiliares una vez adquirida la mordaza', NULL, 'x', NULL, 'D.Bahamonde', 'Capacitar al personal operativo en tecnicas seguras de sujecion segun el tipo de pieza', 'x', NULL, NULL, 'D.Bahamonde', NULL, NULL, NULL, NULL, NULL, NULL, NULL, NULL, NULL, NULL, NULL, NULL, NULL, NULL, NULL, 'Daiana Bahamonde', '2025-08-05', '', NULL, NULL, NULL, 'Se realizaran acciones en la proxima orden de compra', NULL, NULL, NULL, NULL, NULL);

INSERT INTO HALLAZGOS
VALUES (23, '00019-25', 'Sello radial 15038-2', '25-030B', 'Luz en diametro 35', 6, 'Se rechazaron 157 piezas con luz en el diametro interno realizadas a la salida de torno', 3, 'TSUGAMI', 'ABBAMAT', '2025-06-12', 'ASPRO', 'IVAN LUIS ARCE', '157 JUEGOS DEL CONJUNTO 15038', 'El cliente encuentra luz en el diametro 35 debido a un desgaste de la herramienta de corte', 'porque el diametro interno es menor al requerido', 'porque quedo rebaba interna tras el mecanizado', 'porque la herramienta de corte estaba desgastada', 'porque no se realizaba control del estado de la herramienta', 'porque las piezas seguian dentro de tolerancia', 'Rebaba interna por desgaste de herramienta', 'Cambio de herramienta de corte', 'x', NULL, NULL, 'J.L Dalla Gassa', 'control 100% de las piezas rechazadas', NULL, 'x', NULL, 'D.Bahamonde', 'capacitacion del personal por Aspro', NULL, NULL, NULL, 'ASPRO', NULL, NULL, NULL, NULL, NULL, NULL, NULL, NULL, NULL, NULL, NULL, NULL, NULL, NULL, NULL, 'Daiana Bahamonde', '2025-07-07', NULL, NULL, NULL, NULL, NULL, NULL, NULL, NULL, NULL, NULL);

INSERT INTO HALLAZGOS
VALUES (24, '00018-25', 'Sello Tangencial 15038-2', '25-030 B', 'LUZ EN DIAMETRO 35', 6, 'SE RECHAZARON 157 PIEZAS CON LUZ EN EL DIAMETRO INTERNO REALIZADAS A LA SALIDA DE TORNO', 3, 'TSUGAMI', 'ABBAMAT', '2025-06-12', 'ASPRO', 'IVAN LUIS ARCE', '157 piezas del conjunto 15038', 'El cliente encuentra luz en el diametro 35 debido a un desgaste de la herramienta de corte', 'Porque el mecanizado se realizo conforme a la tolerancia minima del plano (35 -0.02), lo cual reduce el diametro efectivo', 'Porque se utiliz como referencia nicamente el plano, sin considerar la planilla de proceso', 'Porque no fue correctamente comunicado por el cliente', 'Porque hubo falla de comunicacin entre nuestro equipo y Aspro', 'Porque la documentacin enviada no incluida la ultim a version del proceso aprobado', 'La produccin se realizo en funcion a los planos de trabajo y no a las planillas de proceso', 'control 100% del lote rechazado', 'x', NULL, NULL, 'JL. Dalla Gassa', 'Correccion inmedita de las piezas rechazadas', NULL, 'x', NULL, 'JL. Dalla Gassa', 'Actualizacin de planos y procesos', 'x', NULL, NULL, 'Daniel Padovani', NULL, NULL, NULL, NULL, NULL, NULL, NULL, NULL, NULL, NULL, NULL, NULL, NULL, NULL, NULL, 'D.Bahamonde', '2025-07-07', NULL, NULL, NULL, NULL, NULL, NULL, NULL, NULL, NULL, NULL);

INSERT INTO HALLAZGOS
VALUES (26, '00020-25', '(110321) Vstago ext. DE10-RL-17-4PH H1025', '25-050 A', 'Rosca 9/16-18 2A con rebaba + funcional P/NP no conforme (en condicin PASA, no pasa)', 6, 'Rosca 9/16-18 con rebaba; anillo P/NP sin conformidad en "PASA".', 3, 'NLX y VF2', 'BINNING OIL TOOLS S.A', '2025-07-01', 'Recepcin de cliente', 'Luis Lucero', '11 piezas', 'Se entregaron 11 vstagos con rosca 9/16-18. El cliente devuelve el lote por presencia de rebaba y por no conformidad del control funcional con anillo P/NP (la conSe entregaron 11 vstagos con rosca 9/16-18. El cliente devuelve el lote por presencia de rebaba y por no conformidad del control funcional con anillo P/NP (la condicin PASA no ingresaba).', 'Porque la rosca presentaba rebaba y el anillo PASA del P/NP no ingresaba.', 'Porque no se realiz una verificacin eficaz y el seteo de la operacin dej la rosca ligeramente ms fina.', 'Porque no exista un punto de control visual y funcional documentado, y el operador desconoca que deba verificar ambas condiciones del P/NP.', 'Porque no haba instructivo especfico ni capacitacin formal sobre el uso del anillo P/NP y el criterio de aceptacin, y adems no se dispona del anillo P/NP certificado al inicio (se us anillo de referencia interno).', 'Por brecha de gestin de medios de control (provisin oportuna y trazada de calibres), y por documentacin de proceso incompleta', 'Falta de gestin y documentacin del control funcional de rosca (P/NP) como caracterstica crtica, sin instructivo ni capacitacin formal, sumado a indisponibilidad inicial del anillo P/NP certificado y error de seteo', 'Control 100% de piezas y retiro de rebaba', 'X', NULL, '9/07/2025', 'J. ANGLARILL', 'Se solicita anillo P/NP', NULL, 'X', '2/07/2025', 'D. BAHAMONDE', 'Control funcioanl P/NP', 'X', NULL, '9/07/2025', 'D.BAHAMONDE', 'Capacitar al operador uso de calibre P/NP', 'X', NULL, '29/07/2025', 'D.BAHAMONDE', 'Brecha de gestin de medios de control', NULL, NULL, NULL, NULL, NULL, NULL, NULL, NULL, NULL, 'DAIANA BAHAMONDE', '2025-08-28', 'X', 'X', NULL, 'X', 'Planilla de capacitacin;', '2025-07-29', 'DAIANA BAHAMONDE', 'En la proxima orden de compra', '2025-08-28', 'DAIANA BAHAMONDE');

COMMIT WORK;

/* Data for the `INSTRUMENTOSMEDIDAS` table  (Records 1 - 6) */

INSERT INTO INSTRUMENTOSMEDIDAS
VALUES (4733, 'ANGULO FRESADO', 30, 244, 1);

INSERT INTO INSTRUMENTOSMEDIDAS
VALUES (4734, 'LARGO FRESADO', 30, 244, 2);

INSERT INTO INSTRUMENTOSMEDIDAS
VALUES (4735, 'ALT. INT. LADO', 194, 244, 3);

INSERT INTO INSTRUMENTOSMEDIDAS
VALUES (4736, 'ALT. INT. LADO 2', 194, 244, 4);

INSERT INTO INSTRUMENTOSMEDIDAS
VALUES (4737, 'ROS. INC. 10', 194, 244, 5);

INSERT INTO INSTRUMENTOSMEDIDAS
VALUES (4738, 'E/CENTROS 10', 30, 244, 6);

COMMIT WORK;

/* Data for the `INSTRUMENTOS` table  (Records 1 - 195) */

INSERT INTO INSTRUMENTOS
VALUES (189, 'SONDA', 'SONDA', NULL, NULL, NULL, NULL, NULL, NULL, NULL, NULL, NULL, NULL, NULL, NULL, NULL, NULL, NULL);

INSERT INTO INSTRUMENTOS
VALUES (190, 'VIS', 'VISUAL', NULL, NULL, NULL, NULL, NULL, NULL, NULL, NULL, NULL, NULL, NULL, NULL, NULL, NULL, NULL);

INSERT INTO INSTRUMENTOS
VALUES (0, '', '', '', NULL, NULL, NULL, NULL, NULL, NULL, NULL, NULL, NULL, NULL, NULL, NULL, NULL, NULL);

INSERT INTO INSTRUMENTOS
VALUES (2, 'AL1', 'ALESOMETRO', '18-35', 2, 1, 1, 1, NULL, NULL, NULL, NULL, 1, NULL, 1, 1, NULL, '');

INSERT INTO INSTRUMENTOS
VALUES (3, 'AL2', 'ALESOMETRO', '666', 2, 1, 1, 2, NULL, NULL, NULL, NULL, 1, NULL, 2, 12, NULL, '');

INSERT INTO INSTRUMENTOS
VALUES (4, 'AL3', 'ALESOMETRO', '18-35', 2, 1, 1, 1, NULL, NULL, NULL, NULL, 1, NULL, 1, 6, NULL, NULL);

INSERT INTO INSTRUMENTOS
VALUES (5, 'BAL1', 'BALANZA DIGITAL', '60-662', 2, 1, 1, 1, NULL, NULL, NULL, NULL, 1, NULL, 1, 6, NULL, '');

INSERT INTO INSTRUMENTOS
VALUES (6, 'BP1', 'BLOQUES PATRON', NULL, NULL, NULL, NULL, NULL, NULL, NULL, NULL, NULL, NULL, NULL, NULL, NULL, NULL, NULL);

INSERT INTO INSTRUMENTOS
VALUES (7, 'CA1', 'CALIBRE MECANICO', NULL, NULL, NULL, NULL, NULL, NULL, NULL, NULL, NULL, NULL, NULL, NULL, NULL, NULL, '');

INSERT INTO INSTRUMENTOS
VALUES (8, 'CA10', 'CALIBRE MECANICO', NULL, NULL, NULL, NULL, NULL, NULL, NULL, NULL, NULL, NULL, NULL, NULL, NULL, NULL, NULL);

INSERT INTO INSTRUMENTOS
VALUES (9, 'CA11', 'CALIBRE MECANICO', NULL, NULL, NULL, NULL, NULL, NULL, NULL, NULL, NULL, NULL, NULL, NULL, NULL, NULL, NULL);

INSERT INTO INSTRUMENTOS
VALUES (10, 'CA12', 'CALIBRE MECANICO', NULL, NULL, NULL, NULL, NULL, NULL, NULL, NULL, NULL, NULL, NULL, NULL, NULL, NULL, NULL);

INSERT INTO INSTRUMENTOS
VALUES (11, 'CA13', 'CALIBRE MECANICO', NULL, NULL, NULL, NULL, NULL, NULL, NULL, NULL, NULL, NULL, NULL, NULL, NULL, NULL, NULL);

INSERT INTO INSTRUMENTOS
VALUES (12, 'CA14', 'CALIBRE MECANICO', NULL, NULL, NULL, NULL, NULL, NULL, NULL, NULL, NULL, NULL, NULL, NULL, NULL, NULL, NULL);

INSERT INTO INSTRUMENTOS
VALUES (13, 'CA2', 'CALIBRE MECANICO', NULL, NULL, NULL, NULL, NULL, NULL, NULL, NULL, NULL, NULL, NULL, NULL, NULL, NULL, NULL);

INSERT INTO INSTRUMENTOS
VALUES (14, 'CA3', 'CALIBRE MECANICO', NULL, NULL, NULL, NULL, NULL, NULL, NULL, NULL, NULL, NULL, NULL, NULL, NULL, NULL, NULL);

INSERT INTO INSTRUMENTOS
VALUES (15, 'CA4', 'CALIBRE MECANICO', NULL, NULL, NULL, NULL, NULL, NULL, NULL, NULL, NULL, NULL, NULL, NULL, NULL, NULL, NULL);

INSERT INTO INSTRUMENTOS
VALUES (16, 'CA5', 'CALIBRE MECANICO', NULL, NULL, NULL, NULL, NULL, NULL, NULL, NULL, NULL, NULL, NULL, NULL, NULL, NULL, NULL);

INSERT INTO INSTRUMENTOS
VALUES (17, 'CA6', 'CALIBRE MECANICO', NULL, NULL, NULL, NULL, NULL, NULL, NULL, NULL, NULL, NULL, NULL, NULL, NULL, NULL, NULL);

INSERT INTO INSTRUMENTOS
VALUES (18, 'CA7', 'CALIBRE MECANICO', NULL, NULL, NULL, NULL, NULL, NULL, NULL, NULL, NULL, NULL, NULL, NULL, NULL, NULL, NULL);

INSERT INTO INSTRUMENTOS
VALUES (19, 'CA8', 'CALIBRE MECANICO', NULL, NULL, NULL, NULL, NULL, NULL, NULL, NULL, NULL, NULL, NULL, NULL, NULL, NULL, NULL);

INSERT INTO INSTRUMENTOS
VALUES (20, 'CA9', 'CALIBRE MECANICO', NULL, NULL, NULL, NULL, NULL, NULL, NULL, NULL, NULL, NULL, NULL, NULL, NULL, NULL, NULL);

INSERT INTO INSTRUMENTOS
VALUES (21, 'CAC1', 'CALIBRE CENTESIMAL A RELOJ', NULL, NULL, NULL, NULL, NULL, NULL, NULL, NULL, NULL, NULL, NULL, NULL, NULL, NULL, NULL);

INSERT INTO INSTRUMENTOS
VALUES (22, 'CAD10', 'CALIBRE DIGITAL', NULL, NULL, NULL, NULL, NULL, NULL, NULL, NULL, NULL, NULL, NULL, NULL, NULL, NULL, NULL);

INSERT INTO INSTRUMENTOS
VALUES (23, 'CAD12', 'CALIBRE DIGITAL', NULL, NULL, NULL, NULL, NULL, NULL, NULL, NULL, NULL, NULL, NULL, NULL, NULL, NULL, NULL);

INSERT INTO INSTRUMENTOS
VALUES (24, 'CAD18', 'CALIBRE DIGITAL', NULL, NULL, NULL, NULL, NULL, NULL, NULL, NULL, NULL, NULL, NULL, NULL, NULL, NULL, NULL);

INSERT INTO INSTRUMENTOS
VALUES (25, 'CAD21', 'CALIBRE DIGITAL', NULL, NULL, NULL, NULL, NULL, NULL, NULL, NULL, NULL, NULL, NULL, NULL, NULL, NULL, NULL);

INSERT INTO INSTRUMENTOS
VALUES (26, 'CAD23', 'CALIBRE DIGITAL', NULL, NULL, NULL, NULL, NULL, NULL, NULL, NULL, NULL, NULL, NULL, NULL, NULL, NULL, NULL);

INSERT INTO INSTRUMENTOS
VALUES (27, 'CAD29', 'CALIBRE DIGITAL', NULL, NULL, NULL, NULL, NULL, NULL, NULL, NULL, NULL, NULL, NULL, NULL, NULL, NULL, NULL);

INSERT INTO INSTRUMENTOS
VALUES (28, 'CAD3', 'CALIBRE DIGITAL', NULL, NULL, NULL, NULL, NULL, NULL, NULL, NULL, NULL, NULL, NULL, NULL, NULL, NULL, NULL);

INSERT INTO INSTRUMENTOS
VALUES (29, 'CAD30', 'CALIBRE DIGITAL', NULL, NULL, NULL, NULL, NULL, NULL, NULL, NULL, NULL, NULL, NULL, NULL, NULL, NULL, NULL);

INSERT INTO INSTRUMENTOS
VALUES (30, 'CAD37', 'CALIBRE DIGITAL', NULL, NULL, NULL, NULL, NULL, NULL, NULL, NULL, NULL, NULL, NULL, NULL, NULL, NULL, NULL);

INSERT INTO INSTRUMENTOS
VALUES (31, 'CAD38', 'CALIBRE DIGITAL', NULL, NULL, NULL, NULL, NULL, NULL, NULL, NULL, NULL, NULL, NULL, NULL, NULL, NULL, NULL);

INSERT INTO INSTRUMENTOS
VALUES (32, 'CAD39', 'CALIBRE DIGITAL', NULL, NULL, NULL, NULL, NULL, NULL, NULL, NULL, NULL, NULL, NULL, NULL, NULL, NULL, NULL);

INSERT INTO INSTRUMENTOS
VALUES (33, 'CAD40', 'CALIBRE DIGITAL', NULL, NULL, NULL, NULL, NULL, NULL, NULL, NULL, NULL, NULL, NULL, NULL, NULL, NULL, NULL);

INSERT INTO INSTRUMENTOS
VALUES (34, 'CAD41', 'CALIBRE DIGITAL', NULL, NULL, NULL, NULL, NULL, NULL, NULL, NULL, NULL, NULL, NULL, NULL, NULL, NULL, NULL);

INSERT INTO INSTRUMENTOS
VALUES (35, 'CAD42', 'CALIBRE DIGITAL', NULL, NULL, NULL, NULL, NULL, NULL, NULL, NULL, NULL, NULL, NULL, NULL, NULL, NULL, NULL);

INSERT INTO INSTRUMENTOS
VALUES (36, 'CAD7', 'CALIBRE DIGITAL', NULL, NULL, NULL, NULL, NULL, NULL, NULL, NULL, NULL, NULL, NULL, NULL, NULL, NULL, NULL);

INSERT INTO INSTRUMENTOS
VALUES (37, 'CAD9', 'CALIBRE DIGITAL', NULL, NULL, NULL, NULL, NULL, NULL, NULL, NULL, NULL, NULL, NULL, NULL, NULL, NULL, NULL);

INSERT INTO INSTRUMENTOS
VALUES (38, 'CAP1', 'CALIBRE PROFUNDIDAD', NULL, NULL, NULL, NULL, NULL, NULL, NULL, NULL, NULL, NULL, NULL, NULL, NULL, NULL, NULL);

INSERT INTO INSTRUMENTOS
VALUES (39, 'CAP2', 'CALIBRE PROFUNDIDAD', NULL, NULL, NULL, NULL, NULL, NULL, NULL, NULL, NULL, NULL, NULL, NULL, NULL, NULL, NULL);

INSERT INTO INSTRUMENTOS
VALUES (40, 'CAP3', 'CALIBRE PROFUNDIDAD', NULL, NULL, NULL, NULL, NULL, NULL, NULL, NULL, NULL, NULL, NULL, NULL, NULL, NULL, NULL);

INSERT INTO INSTRUMENTOS
VALUES (41, 'CAP4', 'CALIBRE PROFUNDIDAD', NULL, NULL, NULL, NULL, NULL, NULL, NULL, NULL, NULL, NULL, NULL, NULL, NULL, NULL, NULL);

INSERT INTO INSTRUMENTOS
VALUES (42, 'CAP5', 'CALIBRE PROFUNDIDAD', NULL, NULL, NULL, NULL, NULL, NULL, NULL, NULL, NULL, NULL, NULL, NULL, NULL, NULL, NULL);

INSERT INTO INSTRUMENTOS
VALUES (43, 'CAP6', 'CALIBRE PROFUNDIDAD', NULL, NULL, NULL, NULL, NULL, NULL, NULL, NULL, NULL, NULL, NULL, NULL, NULL, NULL, NULL);

INSERT INTO INSTRUMENTOS
VALUES (44, 'CAP7', 'CALIBRE PROFUNDIDAD', NULL, NULL, NULL, NULL, NULL, NULL, NULL, NULL, NULL, NULL, NULL, NULL, NULL, NULL, NULL);

INSERT INTO INSTRUMENTOS
VALUES (45, 'CAP8', 'CALIBRE PROFUNDIDAD', NULL, NULL, NULL, NULL, NULL, NULL, NULL, NULL, NULL, NULL, NULL, NULL, NULL, NULL, NULL);

INSERT INTO INSTRUMENTOS
VALUES (46, 'CAP9', 'CALIBRE PROFUNDIDAD', NULL, NULL, NULL, NULL, NULL, NULL, NULL, NULL, NULL, NULL, NULL, NULL, NULL, NULL, NULL);

INSERT INTO INSTRUMENTOS
VALUES (47, 'COMP1', 'COMPARADOR CENTESIMAL', NULL, NULL, NULL, NULL, NULL, NULL, NULL, NULL, NULL, NULL, NULL, NULL, NULL, NULL, NULL);

INSERT INTO INSTRUMENTOS
VALUES (48, 'COMP10', 'COMPARADOR CENTESIMAL', NULL, NULL, NULL, NULL, NULL, NULL, NULL, NULL, NULL, NULL, NULL, NULL, NULL, NULL, NULL);

INSERT INTO INSTRUMENTOS
VALUES (49, 'COMP11', 'COMPARADOR CENTESIMAL', NULL, NULL, NULL, NULL, NULL, NULL, NULL, NULL, NULL, NULL, NULL, NULL, NULL, NULL, NULL);

INSERT INTO INSTRUMENTOS
VALUES (50, 'COMP12', 'COMPARADOR CENTESIMAL', NULL, NULL, NULL, NULL, NULL, NULL, NULL, NULL, NULL, NULL, NULL, NULL, NULL, NULL, NULL);

INSERT INTO INSTRUMENTOS
VALUES (51, 'COMP13', 'COMPARADOR CENTESIMAL', NULL, NULL, NULL, NULL, NULL, NULL, NULL, NULL, NULL, NULL, NULL, NULL, NULL, NULL, NULL);

INSERT INTO INSTRUMENTOS
VALUES (52, 'COMP3', 'COMPARADOR CENTESIMAL', NULL, NULL, NULL, NULL, NULL, NULL, NULL, NULL, NULL, NULL, NULL, NULL, NULL, NULL, NULL);

INSERT INTO INSTRUMENTOS
VALUES (53, 'COMP4', 'COMPARADOR CENTESIMAL', NULL, NULL, NULL, NULL, NULL, NULL, NULL, NULL, NULL, NULL, NULL, NULL, NULL, NULL, NULL);

INSERT INTO INSTRUMENTOS
VALUES (54, 'COMP5', 'COMPARADOR CENTESIMAL', NULL, NULL, NULL, NULL, NULL, NULL, NULL, NULL, NULL, NULL, NULL, NULL, NULL, NULL, NULL);

INSERT INTO INSTRUMENTOS
VALUES (55, 'COMP6', 'COMPARADOR CENTESIMAL', NULL, NULL, NULL, NULL, NULL, NULL, NULL, NULL, NULL, NULL, NULL, NULL, NULL, NULL, NULL);

INSERT INTO INSTRUMENTOS
VALUES (56, 'COMP7', 'COMPARADOR CENTESIMAL', NULL, NULL, NULL, NULL, NULL, NULL, NULL, NULL, NULL, NULL, NULL, NULL, NULL, NULL, NULL);

INSERT INTO INSTRUMENTOS
VALUES (57, 'COMP8', 'COMPARADOR CENTESIMAL', NULL, NULL, NULL, NULL, NULL, NULL, NULL, NULL, NULL, NULL, NULL, NULL, NULL, NULL, NULL);

INSERT INTO INSTRUMENTOS
VALUES (58, 'COMP9', 'COMPARADOR CENTESIMAL', NULL, NULL, NULL, NULL, NULL, NULL, NULL, NULL, NULL, NULL, NULL, NULL, NULL, NULL, NULL);

INSERT INTO INSTRUMENTOS
VALUES (59, 'CPR1', 'CALIBRE PIE DE REY', NULL, NULL, NULL, NULL, NULL, NULL, NULL, NULL, NULL, NULL, NULL, NULL, NULL, NULL, NULL);

INSERT INTO INSTRUMENTOS
VALUES (60, 'CPR2', 'CALIBRE PIE DE REY', NULL, NULL, NULL, NULL, NULL, NULL, NULL, NULL, NULL, NULL, NULL, NULL, NULL, NULL, NULL);

INSERT INTO INSTRUMENTOS
VALUES (61, 'CPR3', 'CALIBRE PIE DE REY', NULL, NULL, NULL, NULL, NULL, NULL, NULL, NULL, NULL, NULL, NULL, NULL, NULL, NULL, NULL);

INSERT INTO INSTRUMENTOS
VALUES (62, 'CR1', 'CALIBRE DE ROSCA', NULL, NULL, NULL, NULL, NULL, NULL, NULL, NULL, NULL, NULL, NULL, NULL, NULL, NULL, NULL);

INSERT INTO INSTRUMENTOS
VALUES (63, 'CR2', 'CALIBRE DE ROSCA', NULL, NULL, NULL, NULL, NULL, NULL, NULL, NULL, NULL, NULL, NULL, NULL, NULL, NULL, NULL);

INSERT INTO INSTRUMENTOS
VALUES (64, 'CR3', 'CALIBRE DE ROSCA', NULL, NULL, NULL, NULL, NULL, NULL, NULL, NULL, NULL, NULL, NULL, NULL, NULL, NULL, NULL);

INSERT INTO INSTRUMENTOS
VALUES (65, 'CR4', 'CALIBRE DE ROSCA', NULL, NULL, NULL, NULL, NULL, NULL, NULL, NULL, NULL, NULL, NULL, NULL, NULL, NULL, NULL);

INSERT INTO INSTRUMENTOS
VALUES (66, 'CR5', 'CALIBRE DE ROSCA', NULL, NULL, NULL, NULL, NULL, NULL, NULL, NULL, NULL, NULL, NULL, NULL, NULL, NULL, NULL);

INSERT INTO INSTRUMENTOS
VALUES (67, 'ESC1', 'ESCUADRA CON NIVEL', NULL, NULL, NULL, NULL, NULL, NULL, NULL, NULL, NULL, NULL, NULL, NULL, NULL, NULL, NULL);

INSERT INTO INSTRUMENTOS
VALUES (68, 'EXT1', 'EXTENSIBLE', NULL, NULL, NULL, NULL, NULL, NULL, NULL, NULL, NULL, NULL, NULL, NULL, NULL, NULL, NULL);

INSERT INTO INSTRUMENTOS
VALUES (69, 'EXT2', 'EXTENSIBLE', NULL, NULL, NULL, NULL, NULL, NULL, NULL, NULL, NULL, NULL, NULL, NULL, NULL, NULL, NULL);

INSERT INTO INSTRUMENTOS
VALUES (70, 'EXT3', 'EXTENSIBLE', NULL, NULL, NULL, NULL, NULL, NULL, NULL, NULL, NULL, NULL, NULL, NULL, NULL, NULL, NULL);

INSERT INTO INSTRUMENTOS
VALUES (71, 'EXT4', 'EXTENSIBLE', NULL, NULL, NULL, NULL, NULL, NULL, NULL, NULL, NULL, NULL, NULL, NULL, NULL, NULL, NULL);

INSERT INTO INSTRUMENTOS
VALUES (72, 'EXT5', 'EXTENSIBLE', NULL, NULL, NULL, NULL, NULL, NULL, NULL, NULL, NULL, NULL, NULL, NULL, NULL, NULL, NULL);

INSERT INTO INSTRUMENTOS
VALUES (73, 'EXT6', 'EXTENSIBLE', NULL, NULL, NULL, NULL, NULL, NULL, NULL, NULL, NULL, NULL, NULL, NULL, NULL, NULL, NULL);

INSERT INTO INSTRUMENTOS
VALUES (74, 'EXT7', 'EXTENSIBLE', NULL, NULL, NULL, NULL, NULL, NULL, NULL, NULL, NULL, NULL, NULL, NULL, NULL, NULL, NULL);

INSERT INTO INSTRUMENTOS
VALUES (75, 'GNI1', 'GONIOMETRO', NULL, NULL, NULL, NULL, NULL, NULL, NULL, NULL, NULL, NULL, NULL, NULL, NULL, NULL, NULL);

INSERT INTO INSTRUMENTOS
VALUES (76, 'GNI2', 'GONIOMETRO', NULL, NULL, NULL, NULL, NULL, NULL, NULL, NULL, NULL, NULL, NULL, NULL, NULL, NULL, NULL);

INSERT INTO INSTRUMENTOS
VALUES (77, 'GNI3', 'GONIOMETRO', NULL, NULL, NULL, NULL, NULL, NULL, NULL, NULL, NULL, NULL, NULL, NULL, NULL, NULL, NULL);

INSERT INTO INSTRUMENTOS
VALUES (78, 'MIC1', 'MICROMETRO CENTESIMAL', NULL, NULL, NULL, NULL, NULL, NULL, NULL, NULL, NULL, NULL, NULL, NULL, NULL, NULL, NULL);

INSERT INTO INSTRUMENTOS
VALUES (79, 'MIC10', 'MICROMETRO CENTESIMAL', NULL, NULL, NULL, NULL, NULL, NULL, NULL, NULL, NULL, NULL, NULL, NULL, NULL, NULL, NULL);

INSERT INTO INSTRUMENTOS
VALUES (80, 'MIC101', 'MICROMETRO CENTESIMAL', NULL, NULL, NULL, NULL, NULL, NULL, NULL, NULL, NULL, NULL, NULL, NULL, NULL, NULL, NULL);

INSERT INTO INSTRUMENTOS
VALUES (81, 'MIC102', 'MICROMETRO CENTESIMAL', NULL, NULL, NULL, NULL, NULL, NULL, NULL, NULL, NULL, NULL, NULL, NULL, NULL, NULL, NULL);

INSERT INTO INSTRUMENTOS
VALUES (82, 'MIC103', 'MICROMETRO CENTESIMAL', NULL, NULL, NULL, NULL, NULL, NULL, NULL, NULL, NULL, NULL, NULL, NULL, NULL, NULL, NULL);

INSERT INTO INSTRUMENTOS
VALUES (83, 'MIC104', 'MICROMETRO CENTESIMAL', NULL, NULL, NULL, NULL, NULL, NULL, NULL, NULL, NULL, NULL, NULL, NULL, NULL, NULL, NULL);

INSERT INTO INSTRUMENTOS
VALUES (84, 'MIC11', 'MICROMETRO CENTESIMAL', NULL, NULL, NULL, NULL, NULL, NULL, NULL, NULL, NULL, NULL, NULL, NULL, NULL, NULL, NULL);

INSERT INTO INSTRUMENTOS
VALUES (85, 'MIC12', 'MICROMETRO CENTESIMAL', NULL, NULL, NULL, NULL, NULL, NULL, NULL, NULL, NULL, NULL, NULL, NULL, NULL, NULL, NULL);

INSERT INTO INSTRUMENTOS
VALUES (86, 'MIC13', 'MICROMETRO CENTESIMAL', NULL, NULL, NULL, NULL, NULL, NULL, NULL, NULL, NULL, NULL, NULL, NULL, NULL, NULL, NULL);

INSERT INTO INSTRUMENTOS
VALUES (87, 'MIC14', 'MICROMETRO CENTESIMAL', NULL, NULL, NULL, NULL, NULL, NULL, NULL, NULL, NULL, NULL, NULL, NULL, NULL, NULL, NULL);

INSERT INTO INSTRUMENTOS
VALUES (88, 'MIC15', 'MICROMETRO CENTESIMAL', NULL, NULL, NULL, NULL, NULL, NULL, NULL, NULL, NULL, NULL, NULL, NULL, NULL, NULL, NULL);

INSERT INTO INSTRUMENTOS
VALUES (89, 'MIC16', 'MICROMETRO CENTESIMAL', NULL, NULL, NULL, NULL, NULL, NULL, NULL, NULL, NULL, NULL, NULL, NULL, NULL, NULL, NULL);

INSERT INTO INSTRUMENTOS
VALUES (90, 'MIC17', 'MICROMETRO CENTESIMAL', NULL, NULL, NULL, NULL, NULL, NULL, NULL, NULL, NULL, NULL, NULL, NULL, NULL, NULL, NULL);

INSERT INTO INSTRUMENTOS
VALUES (91, 'MIC18', 'MICROMETRO CENTESIMAL', NULL, NULL, NULL, NULL, NULL, NULL, NULL, NULL, NULL, NULL, NULL, NULL, NULL, NULL, NULL);

INSERT INTO INSTRUMENTOS
VALUES (92, 'MIC19', 'MICROMETRO CENTESIMAL', NULL, NULL, NULL, NULL, NULL, NULL, NULL, NULL, NULL, NULL, NULL, NULL, NULL, NULL, NULL);

INSERT INTO INSTRUMENTOS
VALUES (93, 'MIC2', 'MICROMETRO CENTESIMAL', NULL, NULL, NULL, NULL, NULL, NULL, NULL, NULL, NULL, NULL, NULL, NULL, NULL, NULL, NULL);

INSERT INTO INSTRUMENTOS
VALUES (94, 'MIC3', 'MICROMETRO CENTESIMAL', NULL, NULL, NULL, NULL, NULL, NULL, NULL, NULL, NULL, NULL, NULL, NULL, NULL, NULL, NULL);

INSERT INTO INSTRUMENTOS
VALUES (95, 'MIC4', 'MICROMETRO CENTESIMAL', NULL, NULL, NULL, NULL, NULL, NULL, NULL, NULL, NULL, NULL, NULL, NULL, NULL, NULL, NULL);

INSERT INTO INSTRUMENTOS
VALUES (96, 'MIC5', 'MICROMETRO CENTESIMAL', NULL, NULL, NULL, NULL, NULL, NULL, NULL, NULL, NULL, NULL, NULL, NULL, NULL, NULL, NULL);

INSERT INTO INSTRUMENTOS
VALUES (97, 'MIC6', 'MICROMETRO CENTESIMAL', NULL, NULL, NULL, NULL, NULL, NULL, NULL, NULL, NULL, NULL, NULL, NULL, NULL, NULL, NULL);

INSERT INTO INSTRUMENTOS
VALUES (98, 'MIC7', 'MICROMETRO CENTESIMAL', NULL, NULL, NULL, NULL, NULL, NULL, NULL, NULL, NULL, NULL, NULL, NULL, NULL, NULL, NULL);

INSERT INTO INSTRUMENTOS
VALUES (99, 'MIC8', 'MICROMETRO CENTESIMAL', NULL, NULL, NULL, NULL, NULL, NULL, NULL, NULL, NULL, NULL, NULL, NULL, NULL, NULL, NULL);

INSERT INTO INSTRUMENTOS
VALUES (100, 'MIC9', 'MICROMETRO CENTESIMAL', NULL, NULL, NULL, NULL, NULL, NULL, NULL, NULL, NULL, NULL, NULL, NULL, NULL, NULL, NULL);

INSERT INTO INSTRUMENTOS
VALUES (101, 'MII1', 'MICROMETRO INTERIOR', NULL, NULL, NULL, NULL, NULL, NULL, NULL, NULL, NULL, NULL, NULL, NULL, NULL, NULL, NULL);

INSERT INTO INSTRUMENTOS
VALUES (102, 'MIP1', 'MICROMETRO PROFUNDIDAD', NULL, NULL, NULL, NULL, NULL, NULL, NULL, NULL, NULL, NULL, NULL, NULL, NULL, NULL, NULL);

INSERT INTO INSTRUMENTOS
VALUES (103, 'MIP2', 'MICROMETRO PROFUNDIDAD', NULL, NULL, NULL, NULL, NULL, NULL, NULL, NULL, NULL, NULL, NULL, NULL, NULL, NULL, NULL);

INSERT INTO INSTRUMENTOS
VALUES (104, 'MIP3', 'MICROMETRO PROFUNDIDAD', NULL, NULL, NULL, NULL, NULL, NULL, NULL, NULL, NULL, NULL, NULL, NULL, NULL, NULL, NULL);

INSERT INTO INSTRUMENTOS
VALUES (105, 'NOPASA1', 'CALIBRE NO PASA', NULL, NULL, NULL, NULL, NULL, NULL, NULL, NULL, NULL, NULL, NULL, NULL, NULL, NULL, NULL);

INSERT INTO INSTRUMENTOS
VALUES (106, 'NOPASA2', 'CALIBRE NO PASA', NULL, NULL, NULL, NULL, NULL, NULL, NULL, NULL, NULL, NULL, NULL, NULL, NULL, NULL, NULL);

INSERT INTO INSTRUMENTOS
VALUES (107, 'NOPASA3', 'CALIBRE NO PASA', NULL, NULL, NULL, NULL, NULL, NULL, NULL, NULL, NULL, NULL, NULL, NULL, NULL, NULL, NULL);

INSERT INTO INSTRUMENTOS
VALUES (108, 'NOPASA4', 'CALIBRE NO PASA', NULL, NULL, NULL, NULL, NULL, NULL, NULL, NULL, NULL, NULL, NULL, NULL, NULL, NULL, NULL);

INSERT INTO INSTRUMENTOS
VALUES (109, 'NOPASA5', 'CALIBRE NO PASA', NULL, NULL, NULL, NULL, NULL, NULL, NULL, NULL, NULL, NULL, NULL, NULL, NULL, NULL, NULL);

INSERT INTO INSTRUMENTOS
VALUES (110, 'NOPASA6', 'CALIBRE NO PASA', NULL, NULL, NULL, NULL, NULL, NULL, NULL, NULL, NULL, NULL, NULL, NULL, NULL, NULL, NULL);

INSERT INTO INSTRUMENTOS
VALUES (111, 'P/NP1', 'CALIBRE P / NP', NULL, NULL, NULL, NULL, NULL, NULL, NULL, NULL, NULL, NULL, NULL, NULL, NULL, NULL, NULL);

INSERT INTO INSTRUMENTOS
VALUES (112, 'P/NP2', 'CALIBRE P / NP', NULL, NULL, NULL, NULL, NULL, NULL, NULL, NULL, NULL, NULL, NULL, NULL, NULL, NULL, NULL);

INSERT INTO INSTRUMENTOS
VALUES (113, 'P/NP3', 'CALIBRE P / NP', NULL, NULL, NULL, NULL, NULL, NULL, NULL, NULL, NULL, NULL, NULL, NULL, NULL, NULL, NULL);

INSERT INTO INSTRUMENTOS
VALUES (114, 'P/NP4', 'CALIBRE P / NP', NULL, NULL, NULL, NULL, NULL, NULL, NULL, NULL, NULL, NULL, NULL, NULL, NULL, NULL, NULL);

INSERT INTO INSTRUMENTOS
VALUES (115, 'PAL2', 'PALPADOR CENTESIMAL', NULL, NULL, NULL, NULL, NULL, NULL, NULL, NULL, NULL, NULL, NULL, NULL, NULL, NULL, NULL);

INSERT INTO INSTRUMENTOS
VALUES (116, 'PAL3', 'PALPADOR CENTESIMAL', NULL, NULL, NULL, NULL, NULL, NULL, NULL, NULL, NULL, NULL, NULL, NULL, NULL, NULL, NULL);

INSERT INTO INSTRUMENTOS
VALUES (117, 'PAL4', 'PALPADOR CENTESIMAL', NULL, NULL, NULL, NULL, NULL, NULL, NULL, NULL, NULL, NULL, NULL, NULL, NULL, NULL, NULL);

INSERT INTO INSTRUMENTOS
VALUES (118, 'PAR1', 'JUEGO DE PARALELAS', NULL, NULL, NULL, NULL, NULL, NULL, NULL, NULL, NULL, NULL, NULL, NULL, NULL, NULL, NULL);

INSERT INTO INSTRUMENTOS
VALUES (119, 'PASA1', 'CALIBRE PASA', NULL, NULL, NULL, NULL, NULL, NULL, NULL, NULL, NULL, NULL, NULL, NULL, NULL, NULL, NULL);

INSERT INTO INSTRUMENTOS
VALUES (120, 'PASA10', 'CALIBRE PASA', NULL, NULL, NULL, NULL, NULL, NULL, NULL, NULL, NULL, NULL, NULL, NULL, NULL, NULL, NULL);

INSERT INTO INSTRUMENTOS
VALUES (121, 'PASA11', 'CALIBRE PASA', NULL, NULL, NULL, NULL, NULL, NULL, NULL, NULL, NULL, NULL, NULL, NULL, NULL, NULL, NULL);

INSERT INTO INSTRUMENTOS
VALUES (122, 'PASA12', 'CALIBRE PASA', NULL, NULL, NULL, NULL, NULL, NULL, NULL, NULL, NULL, NULL, NULL, NULL, NULL, NULL, NULL);

INSERT INTO INSTRUMENTOS
VALUES (123, 'PASA13', 'CALIBRE PASA', NULL, NULL, NULL, NULL, NULL, NULL, NULL, NULL, NULL, NULL, NULL, NULL, NULL, NULL, NULL);

INSERT INTO INSTRUMENTOS
VALUES (124, 'PASA14', 'CALIBRE PASA', NULL, NULL, NULL, NULL, NULL, NULL, NULL, NULL, NULL, NULL, NULL, NULL, NULL, NULL, NULL);

INSERT INTO INSTRUMENTOS
VALUES (125, 'PASA15', 'CALIBRE PASA', NULL, NULL, NULL, NULL, NULL, NULL, NULL, NULL, NULL, NULL, NULL, NULL, NULL, NULL, NULL);

INSERT INTO INSTRUMENTOS
VALUES (126, 'PASA16', 'CALIBRE PASA', NULL, NULL, NULL, NULL, NULL, NULL, NULL, NULL, NULL, NULL, NULL, NULL, NULL, NULL, NULL);

INSERT INTO INSTRUMENTOS
VALUES (127, 'PASA17', 'CALIBRE PASA', NULL, NULL, NULL, NULL, NULL, NULL, NULL, NULL, NULL, NULL, NULL, NULL, NULL, NULL, NULL);

INSERT INTO INSTRUMENTOS
VALUES (128, 'PASA18', 'CALIBRE PASA', NULL, NULL, NULL, NULL, NULL, NULL, NULL, NULL, NULL, NULL, NULL, NULL, NULL, NULL, NULL);

INSERT INTO INSTRUMENTOS
VALUES (129, 'PASA19', 'CALIBRE PASA', NULL, NULL, NULL, NULL, NULL, NULL, NULL, NULL, NULL, NULL, NULL, NULL, NULL, NULL, NULL);

INSERT INTO INSTRUMENTOS
VALUES (130, 'PASA2', 'CALIBRE PASA', NULL, NULL, NULL, NULL, NULL, NULL, NULL, NULL, NULL, NULL, NULL, NULL, NULL, NULL, NULL);

INSERT INTO INSTRUMENTOS
VALUES (131, 'PASA20', 'CALIBRE PASA', NULL, NULL, NULL, NULL, NULL, NULL, NULL, NULL, NULL, NULL, NULL, NULL, NULL, NULL, NULL);

INSERT INTO INSTRUMENTOS
VALUES (132, 'PASA21', 'CALIBRE PASA', NULL, NULL, NULL, NULL, NULL, NULL, NULL, NULL, NULL, NULL, NULL, NULL, NULL, NULL, NULL);

INSERT INTO INSTRUMENTOS
VALUES (133, 'PASA22', 'CALIBRE PASA', NULL, NULL, NULL, NULL, NULL, NULL, NULL, NULL, NULL, NULL, NULL, NULL, NULL, NULL, NULL);

INSERT INTO INSTRUMENTOS
VALUES (134, 'PASA23', 'CALIBRE PASA', NULL, NULL, NULL, NULL, NULL, NULL, NULL, NULL, NULL, NULL, NULL, NULL, NULL, NULL, NULL);

INSERT INTO INSTRUMENTOS
VALUES (135, 'PASA24', 'CALIBRE PASA', NULL, NULL, NULL, NULL, NULL, NULL, NULL, NULL, NULL, NULL, NULL, NULL, NULL, NULL, NULL);

INSERT INTO INSTRUMENTOS
VALUES (136, 'PASA25', 'CALIBRE PASA', NULL, NULL, NULL, NULL, NULL, NULL, NULL, NULL, NULL, NULL, NULL, NULL, NULL, NULL, NULL);

INSERT INTO INSTRUMENTOS
VALUES (137, 'PASA26', 'CALIBRE PASA', NULL, NULL, NULL, NULL, NULL, NULL, NULL, NULL, NULL, NULL, NULL, NULL, NULL, NULL, NULL);

INSERT INTO INSTRUMENTOS
VALUES (138, 'PASA27', 'CALIBRE PASA', NULL, NULL, NULL, NULL, NULL, NULL, NULL, NULL, NULL, NULL, NULL, NULL, NULL, NULL, NULL);

INSERT INTO INSTRUMENTOS
VALUES (139, 'PASA28', 'CALIBRE PASA', NULL, NULL, NULL, NULL, NULL, NULL, NULL, NULL, NULL, NULL, NULL, NULL, NULL, NULL, NULL);

INSERT INTO INSTRUMENTOS
VALUES (140, 'PASA3', 'CALIBRE PASA', NULL, NULL, NULL, NULL, NULL, NULL, NULL, NULL, NULL, NULL, NULL, NULL, NULL, NULL, NULL);

INSERT INTO INSTRUMENTOS
VALUES (141, 'PASA4', 'CALIBRE PASA', NULL, NULL, NULL, NULL, NULL, NULL, NULL, NULL, NULL, NULL, NULL, NULL, NULL, NULL, NULL);

INSERT INTO INSTRUMENTOS
VALUES (142, 'PASA5', 'CALIBRE PASA', NULL, NULL, NULL, NULL, NULL, NULL, NULL, NULL, NULL, NULL, NULL, NULL, NULL, NULL, NULL);

INSERT INTO INSTRUMENTOS
VALUES (143, 'PASA6', 'CALIBRE PASA', NULL, NULL, NULL, NULL, NULL, NULL, NULL, NULL, NULL, NULL, NULL, NULL, NULL, NULL, NULL);

INSERT INTO INSTRUMENTOS
VALUES (144, 'PASA7', 'CALIBRE PASA', NULL, NULL, NULL, NULL, NULL, NULL, NULL, NULL, NULL, NULL, NULL, NULL, NULL, NULL, NULL);

INSERT INTO INSTRUMENTOS
VALUES (145, 'PASA8', 'CALIBRE PASA', NULL, NULL, NULL, NULL, NULL, NULL, NULL, NULL, NULL, NULL, NULL, NULL, NULL, NULL, NULL);

INSERT INTO INSTRUMENTOS
VALUES (146, 'PASA9', 'CALIBRE PASA', NULL, NULL, NULL, NULL, NULL, NULL, NULL, NULL, NULL, NULL, NULL, NULL, NULL, NULL, NULL);

INSERT INTO INSTRUMENTOS
VALUES (147, 'PNP1', 'PNP', NULL, NULL, NULL, NULL, NULL, NULL, NULL, NULL, NULL, NULL, NULL, NULL, NULL, NULL, NULL);

INSERT INTO INSTRUMENTOS
VALUES (148, 'PNP2', 'PNP', NULL, NULL, NULL, NULL, NULL, NULL, NULL, NULL, NULL, NULL, NULL, NULL, NULL, NULL, NULL);

INSERT INTO INSTRUMENTOS
VALUES (149, 'PNP3', 'PNP', NULL, NULL, NULL, NULL, NULL, NULL, NULL, NULL, NULL, NULL, NULL, NULL, NULL, NULL, NULL);

INSERT INTO INSTRUMENTOS
VALUES (150, 'PNP4', 'PNP', NULL, NULL, NULL, NULL, NULL, NULL, NULL, NULL, NULL, NULL, NULL, NULL, NULL, NULL, NULL);

INSERT INTO INSTRUMENTOS
VALUES (151, 'PNP5', 'PNP', NULL, NULL, NULL, NULL, NULL, NULL, NULL, NULL, NULL, NULL, NULL, NULL, NULL, NULL, NULL);

INSERT INTO INSTRUMENTOS
VALUES (152, 'PNP6', 'PNP', NULL, NULL, NULL, NULL, NULL, NULL, NULL, NULL, NULL, NULL, NULL, NULL, NULL, NULL, NULL);

INSERT INTO INSTRUMENTOS
VALUES (153, 'PNP7', 'PNP', NULL, NULL, NULL, NULL, NULL, NULL, NULL, NULL, NULL, NULL, NULL, NULL, NULL, NULL, NULL);

INSERT INTO INSTRUMENTOS
VALUES (154, 'PNPCAF1', 'P/NP CAJA DE FONDO', NULL, NULL, NULL, NULL, NULL, NULL, NULL, NULL, NULL, NULL, NULL, NULL, NULL, NULL, NULL);

INSERT INTO INSTRUMENTOS
VALUES (155, 'PNPCAF2', 'P/NP CAJA DE FONDO', NULL, NULL, NULL, NULL, NULL, NULL, NULL, NULL, NULL, NULL, NULL, NULL, NULL, NULL, NULL);

INSERT INTO INSTRUMENTOS
VALUES (156, 'PNPCAF3', 'P/NP CAJA DE FONDO', NULL, NULL, NULL, NULL, NULL, NULL, NULL, NULL, NULL, NULL, NULL, NULL, NULL, NULL, NULL);

INSERT INTO INSTRUMENTOS
VALUES (157, 'PNPCAF4', 'P/NP CAJA DE FONDO', NULL, NULL, NULL, NULL, NULL, NULL, NULL, NULL, NULL, NULL, NULL, NULL, NULL, NULL, NULL);

INSERT INTO INSTRUMENTOS
VALUES (158, 'PNPCAF5', 'P/NP CAJA DE FONDO', NULL, NULL, NULL, NULL, NULL, NULL, NULL, NULL, NULL, NULL, NULL, NULL, NULL, NULL, NULL);

INSERT INTO INSTRUMENTOS
VALUES (159, 'PNPCAF6', 'P/NP CAJA DE FONDO', NULL, NULL, NULL, NULL, NULL, NULL, NULL, NULL, NULL, NULL, NULL, NULL, NULL, NULL, NULL);

INSERT INTO INSTRUMENTOS
VALUES (160, 'PNPCAF7', 'P/NP CAJA DE FONDO', NULL, NULL, NULL, NULL, NULL, NULL, NULL, NULL, NULL, NULL, NULL, NULL, NULL, NULL, NULL);

INSERT INTO INSTRUMENTOS
VALUES (161, 'PNPCAMP1', 'P/NP CAJA DE MOLDE-PARIS?N', NULL, NULL, NULL, NULL, NULL, NULL, NULL, NULL, NULL, NULL, NULL, NULL, NULL, NULL, NULL);

INSERT INTO INSTRUMENTOS
VALUES (162, 'PNPCAMP2', 'P/NP CAJA DE MOLDE-PARIS?N', NULL, NULL, NULL, NULL, NULL, NULL, NULL, NULL, NULL, NULL, NULL, NULL, NULL, NULL, NULL);

INSERT INTO INSTRUMENTOS
VALUES (163, 'PNPCAMP3', 'P/NP CAJA DE MOLDE-PARIS?N', NULL, NULL, NULL, NULL, NULL, NULL, NULL, NULL, NULL, NULL, NULL, NULL, NULL, NULL, NULL);

INSERT INTO INSTRUMENTOS
VALUES (164, 'PNPCAMP4', 'P/NP CAJA DE MOLDE-PARIS?N', NULL, NULL, NULL, NULL, NULL, NULL, NULL, NULL, NULL, NULL, NULL, NULL, NULL, NULL, NULL);

INSERT INTO INSTRUMENTOS
VALUES (165, 'PNPCAMP5', 'P/NP CAJA DE MOLDE-PARIS?N', NULL, NULL, NULL, NULL, NULL, NULL, NULL, NULL, NULL, NULL, NULL, NULL, NULL, NULL, NULL);

INSERT INTO INSTRUMENTOS
VALUES (166, 'PNPCAMP6', 'P/NP CAJA DE MOLDE-PARIS?N', NULL, NULL, NULL, NULL, NULL, NULL, NULL, NULL, NULL, NULL, NULL, NULL, NULL, NULL, NULL);

INSERT INTO INSTRUMENTOS
VALUES (167, 'PNPCAMP7', 'P/NP CAJA DE MOLDE-PARIS?N', NULL, NULL, NULL, NULL, NULL, NULL, NULL, NULL, NULL, NULL, NULL, NULL, NULL, NULL, NULL);

INSERT INTO INSTRUMENTOS
VALUES (168, 'PNPCUF1', 'P/NP CUELLO DE FONDO', NULL, NULL, NULL, NULL, NULL, NULL, NULL, NULL, NULL, NULL, NULL, NULL, NULL, NULL, NULL);

INSERT INTO INSTRUMENTOS
VALUES (169, 'PNPCUF10', 'P/NP CUELLO DE FONDO', NULL, NULL, NULL, NULL, NULL, NULL, NULL, NULL, NULL, NULL, NULL, NULL, NULL, NULL, NULL);

INSERT INTO INSTRUMENTOS
VALUES (170, 'PNPCUF11', 'P/NP CUELLO DE FONDO', NULL, NULL, NULL, NULL, NULL, NULL, NULL, NULL, NULL, NULL, NULL, NULL, NULL, NULL, NULL);

INSERT INTO INSTRUMENTOS
VALUES (171, 'PNPCUF12', 'P/NP CUELLO DE FONDO', NULL, NULL, NULL, NULL, NULL, NULL, NULL, NULL, NULL, NULL, NULL, NULL, NULL, NULL, NULL);

INSERT INTO INSTRUMENTOS
VALUES (172, 'PNPCUF2', 'P/NP CUELLO DE FONDO', NULL, NULL, NULL, NULL, NULL, NULL, NULL, NULL, NULL, NULL, NULL, NULL, NULL, NULL, NULL);

INSERT INTO INSTRUMENTOS
VALUES (173, 'PNPCUF3', 'P/NP CUELLO DE FONDO', NULL, NULL, NULL, NULL, NULL, NULL, NULL, NULL, NULL, NULL, NULL, NULL, NULL, NULL, NULL);

INSERT INTO INSTRUMENTOS
VALUES (174, 'PNPCUF4', 'P/NP CUELLO DE FONDO', NULL, NULL, NULL, NULL, NULL, NULL, NULL, NULL, NULL, NULL, NULL, NULL, NULL, NULL, NULL);

INSERT INTO INSTRUMENTOS
VALUES (175, 'PNPCUF5', 'P/NP CUELLO DE FONDO', NULL, NULL, NULL, NULL, NULL, NULL, NULL, NULL, NULL, NULL, NULL, NULL, NULL, NULL, NULL);

INSERT INTO INSTRUMENTOS
VALUES (176, 'PNPCUF6', 'P/NP CUELLO DE FONDO', NULL, NULL, NULL, NULL, NULL, NULL, NULL, NULL, NULL, NULL, NULL, NULL, NULL, NULL, NULL);

INSERT INTO INSTRUMENTOS
VALUES (177, 'PNPCUF7', 'P/NP CUELLO DE FONDO', NULL, NULL, NULL, NULL, NULL, NULL, NULL, NULL, NULL, NULL, NULL, NULL, NULL, NULL, NULL);

INSERT INTO INSTRUMENTOS
VALUES (178, 'PNPCUF8', 'P/NP CUELLO DE FONDO', NULL, NULL, NULL, NULL, NULL, NULL, NULL, NULL, NULL, NULL, NULL, NULL, NULL, NULL, NULL);

INSERT INTO INSTRUMENTOS
VALUES (179, 'PNPCUF9', 'P/NP CUELLO DE FONDO', NULL, NULL, NULL, NULL, NULL, NULL, NULL, NULL, NULL, NULL, NULL, NULL, NULL, NULL, NULL);

INSERT INTO INSTRUMENTOS
VALUES (180, 'PNPPLA1', 'P/NP PLATINA', NULL, NULL, NULL, NULL, NULL, NULL, NULL, NULL, NULL, NULL, NULL, NULL, NULL, NULL, NULL);

INSERT INTO INSTRUMENTOS
VALUES (181, 'PNPPLA2', 'P/NP PLATINA', NULL, NULL, NULL, NULL, NULL, NULL, NULL, NULL, NULL, NULL, NULL, NULL, NULL, NULL, NULL);

INSERT INTO INSTRUMENTOS
VALUES (182, 'PNPPLA3', 'P/NP PLATINA', NULL, NULL, NULL, NULL, NULL, NULL, NULL, NULL, NULL, NULL, NULL, NULL, NULL, NULL, NULL);

INSERT INTO INSTRUMENTOS
VALUES (183, 'PNPPLA4', 'P/NP PLATINA', NULL, NULL, NULL, NULL, NULL, NULL, NULL, NULL, NULL, NULL, NULL, NULL, NULL, NULL, NULL);

INSERT INTO INSTRUMENTOS
VALUES (184, 'PNPPLA5', 'P/NP PLATINA', NULL, NULL, NULL, NULL, NULL, NULL, NULL, NULL, NULL, NULL, NULL, NULL, NULL, NULL, NULL);

INSERT INTO INSTRUMENTOS
VALUES (185, 'PNPPLA6', 'P/NP PLATINA', NULL, NULL, NULL, NULL, NULL, NULL, NULL, NULL, NULL, NULL, NULL, NULL, NULL, NULL, NULL);

INSERT INTO INSTRUMENTOS
VALUES (186, 'PNPPLA7', 'P/NP PLATINA', NULL, NULL, NULL, NULL, NULL, NULL, NULL, NULL, NULL, NULL, NULL, NULL, NULL, NULL, NULL);

INSERT INTO INSTRUMENTOS
VALUES (187, 'TERM1', 'TERMOMETRO DIGITAL', NULL, NULL, NULL, NULL, NULL, NULL, NULL, NULL, NULL, NULL, NULL, NULL, NULL, NULL, NULL);

INSERT INTO INSTRUMENTOS
VALUES (191, '106652/3', '106652/3', NULL, NULL, NULL, NULL, NULL, NULL, NULL, NULL, NULL, NULL, NULL, NULL, NULL, NULL, NULL);

INSERT INTO INSTRUMENTOS
VALUES (193, 'CAD32', 'CALIBRE MECANICO', NULL, NULL, NULL, NULL, NULL, NULL, NULL, NULL, NULL, NULL, NULL, NULL, NULL, NULL, NULL);

INSERT INTO INSTRUMENTOS
VALUES (194, 'CPR4', 'CPR4', NULL, NULL, NULL, NULL, NULL, NULL, NULL, NULL, NULL, NULL, NULL, NULL, NULL, NULL, NULL);

INSERT INTO INSTRUMENTOS
VALUES (195, 'PASA 105305-13-02', 'PASA 105305-13-02', NULL, NULL, NULL, NULL, NULL, NULL, NULL, NULL, NULL, NULL, NULL, NULL, NULL, NULL, NULL);

INSERT INTO INSTRUMENTOS
VALUES (196, 'PNP 108535', 'PNP 108535', NULL, NULL, NULL, NULL, NULL, NULL, NULL, NULL, NULL, NULL, NULL, NULL, NULL, NULL, NULL);

INSERT INTO INSTRUMENTOS
VALUES (197, 'PNP PLA7', 'PNP PLA7', NULL, NULL, NULL, NULL, NULL, NULL, NULL, NULL, NULL, NULL, NULL, NULL, NULL, NULL, NULL);

COMMIT WORK;

/* Data for the `INTRUMENTOSINTERNOS` table  (Records 1 - 2) */

INSERT INTO INTRUMENTOSINTERNOS
VALUES (60, 2, NULL, NULL, NULL, NULL, NULL, NULL, NULL, NULL, NULL, NULL);

INSERT INTO INTRUMENTOSINTERNOS
VALUES (40, 3, '2023-12-05', NULL, NULL, NULL, NULL, NULL, NULL, NULL, NULL, '2024-12-05');

COMMIT WORK;

/* Data for the `MARCA` table  (Records 1 - 1) */

INSERT INTO MARCA
VALUES (1, 'DIAL BORE GAGE');

COMMIT WORK;

/* Data for the `MEDICIONES` table  (Records 1 - 13) */

INSERT INTO MEDICIONES
VALUES (470, NULL, 150, NULL, NULL, NULL);

INSERT INTO MEDICIONES
VALUES (471, NULL, 11, NULL, NULL, NULL);

INSERT INTO MEDICIONES
VALUES (472, 2, 666, 666, 666, 666);

INSERT INTO MEDICIONES
VALUES (473, 2, 5, 6, 7, 8);

INSERT INTO MEDICIONES
VALUES (474, 2, 60, 706, 34, 54);

INSERT INTO MEDICIONES
VALUES (475, 2, 23, 456, 765, 345);

INSERT INTO MEDICIONES
VALUES (476, 2, 0, 0, 0, 0);

INSERT INTO MEDICIONES
VALUES (477, 2, 0, 0, 0, 0);

INSERT INTO MEDICIONES
VALUES (478, NULL, 10, NULL, NULL, NULL);

INSERT INTO MEDICIONES
VALUES (479, NULL, NULL, 34, NULL, NULL);

INSERT INTO MEDICIONES
VALUES (480, NULL, NULL, NULL, 54, NULL);

INSERT INTO MEDICIONES
VALUES (481, NULL, NULL, NULL, NULL, 23);

INSERT INTO MEDICIONES
VALUES (482, 3, NULL, NULL, NULL, NULL);

COMMIT WORK;

/* Data for the `MODELO` table  (Records 1 - 1) */

INSERT INTO MODELO
VALUES (2, '( SIN ASIGNAR )');

COMMIT WORK;

/* Data for the `PATRON` table  (Records 1 - 1) */

INSERT INTO PATRON
VALUES (1, 'DO: MIC-10 / MIC-09');

COMMIT WORK;

/* Data for the `PROYECTOS` table  (Records 1 - 1) */

INSERT INTO PROYECTOS
VALUES (200, 45806, 10, '25-028', 60, 56, 126, NULL, NULL, NULL, NULL, 'True');

COMMIT WORK;

/* Data for the `REGISTRO` table  (Records 1 - 3) */

INSERT INTO REGISTRO
VALUES (1, 3, '2023-10-20', NULL, '4', 238, 2, '2023-11-20');

INSERT INTO REGISTRO
VALUES (2, 2, '2023-10-25', NULL, NULL, 2, 1, NULL);

INSERT INTO REGISTRO
VALUES (3, 4, '2023-10-18', NULL, NULL, 1, 3, '2024-10-18');

COMMIT WORK;

/* Data for the `SERIE` table  (Records 1 - 1) */

INSERT INTO SERIE
VALUES (1, '137762 COMP165412');

COMMIT WORK;

/* Data for the `TIPOHALLAZGO` table  (Records 1 - 4) */

INSERT INTO TIPOHALLAZGO
VALUES (0, '( SIN ASIGNAR )');

INSERT INTO TIPOHALLAZGO
VALUES (1, 'NO CONFORMIDAD');

INSERT INTO TIPOHALLAZGO
VALUES (2, 'PLAN DE MEJORA');

INSERT INTO TIPOHALLAZGO
VALUES (3, 'RECLAMO DEL CLIENTE');

COMMIT WORK;

/* Data for the `UBICACION` table  (Records 1 - 2) */

INSERT INTO UBICACION
VALUES (1, 'CALIDAD');

INSERT INTO UBICACION
VALUES (2, 'DPTO TECNICO');

COMMIT WORK;

/* Data for the `UNIDADES` table  (Records 1 - 1) */

INSERT INTO UNIDADES
VALUES (1, 'MM');

COMMIT WORK;

/* Privileges for the `ARTICULOS` :  */


GRANT SELECT, INSERT, DELETE, REFERENCES, UPDATE ON ARTICULOS TO SYSDBA WITH GRANT OPTION;


/* Privileges for the `CARGO` :  */


GRANT SELECT, INSERT, DELETE, REFERENCES, UPDATE ON CARGO TO SYSDBA WITH GRANT OPTION;


/* Privileges for the `CLIENTE` :  */


GRANT SELECT, INSERT, DELETE, REFERENCES, UPDATE ON CLIENTE TO SYSDBA WITH GRANT OPTION;


/* Privileges for the `CONTROLES` :  */


GRANT SELECT, INSERT, DELETE, REFERENCES, UPDATE ON CONTROLES TO SYSDBA WITH GRANT OPTION;


/* Privileges for the `CONTROLEXTERNO` :  */


GRANT SELECT, INSERT, DELETE, REFERENCES, UPDATE ON CONTROLEXTERNO TO SYSDBA WITH GRANT OPTION;


/* Privileges for the `DESTINATARIO` :  */


GRANT SELECT, INSERT, DELETE, REFERENCES, UPDATE ON DESTINATARIO TO SYSDBA WITH GRANT OPTION;


/* Privileges for the `ELEMENTOS` :  */


GRANT SELECT, INSERT, DELETE, REFERENCES, UPDATE ON ELEMENTOS TO SYSDBA WITH GRANT OPTION;


/* Privileges for the `EMAIL` :  */


GRANT SELECT, INSERT, DELETE, REFERENCES, UPDATE ON EMAIL TO SYSDBA WITH GRANT OPTION;


/* Privileges for the `EMAILEXTERNO` :  */


GRANT SELECT, INSERT, DELETE, REFERENCES, UPDATE ON EMAILEXTERNO TO SYSDBA WITH GRANT OPTION;


/* Privileges for the `EMAILINTERNO` :  */


GRANT SELECT, INSERT, DELETE, REFERENCES, UPDATE ON EMAILINTERNO TO SYSDBA WITH GRANT OPTION;


/* Privileges for the `EMPLEADOS` :  */


GRANT SELECT, INSERT, DELETE, REFERENCES, UPDATE ON EMPLEADOS TO SYSDBA WITH GRANT OPTION;


/* Privileges for the `ENCABEZADOPROCESOS` :  */


GRANT SELECT, INSERT, DELETE, REFERENCES, UPDATE ON ENCABEZADOPROCESOS TO SYSDBA WITH GRANT OPTION;


/* Privileges for the `ESTADO` :  */


GRANT SELECT, INSERT, DELETE, REFERENCES, UPDATE ON ESTADO TO SYSDBA WITH GRANT OPTION;


/* Privileges for the `FORMULARIOS` :  */


GRANT SELECT, INSERT, DELETE, REFERENCES, UPDATE ON FORMULARIOS TO SYSDBA WITH GRANT OPTION;


/* Privileges for the `HALLAZGOS` :  */


GRANT SELECT, INSERT, DELETE, REFERENCES, UPDATE ON HALLAZGOS TO SYSDBA WITH GRANT OPTION;


/* Privileges for the `INSTRUMENTOS` :  */


GRANT SELECT, INSERT, DELETE, REFERENCES, UPDATE ON INSTRUMENTOS TO SYSDBA WITH GRANT OPTION;


/* Privileges for the `INSTRUMENTOSMEDIDAS` :  */


GRANT SELECT, INSERT, DELETE, REFERENCES, UPDATE ON INSTRUMENTOSMEDIDAS TO SYSDBA WITH GRANT OPTION;


/* Privileges for the `INTRUMENTOSINTERNOS` :  */


GRANT SELECT, INSERT, DELETE, REFERENCES, UPDATE ON INTRUMENTOSINTERNOS TO SYSDBA WITH GRANT OPTION;


/* Privileges for the `LUGAR` :  */


GRANT SELECT, INSERT, DELETE, REFERENCES, UPDATE ON LUGAR TO SYSDBA WITH GRANT OPTION;


/* Privileges for the `MARCA` :  */


GRANT SELECT, INSERT, DELETE, REFERENCES, UPDATE ON MARCA TO SYSDBA WITH GRANT OPTION;


/* Privileges for the `MEDICIONES` :  */


GRANT SELECT, INSERT, DELETE, REFERENCES, UPDATE ON MEDICIONES TO SYSDBA WITH GRANT OPTION;


/* Privileges for the `MODELO` :  */


GRANT SELECT, INSERT, DELETE, REFERENCES, UPDATE ON MODELO TO SYSDBA WITH GRANT OPTION;


/* Privileges for the `NIVEL` :  */


GRANT SELECT, INSERT, DELETE, REFERENCES, UPDATE ON NIVEL TO SYSDBA WITH GRANT OPTION;


/* Privileges for the `NOMBREPROCESO` :  */


GRANT SELECT, INSERT, DELETE, REFERENCES, UPDATE ON NOMBREPROCESO TO SYSDBA WITH GRANT OPTION;


/* Privileges for the `PATRON` :  */


GRANT SELECT, INSERT, DELETE, REFERENCES, UPDATE ON PATRON TO SYSDBA WITH GRANT OPTION;


/* Privileges for the `PLANILLAMEDICION` :  */


GRANT SELECT, INSERT, DELETE, REFERENCES, UPDATE ON PLANILLAMEDICION TO SYSDBA WITH GRANT OPTION;


/* Privileges for the `PROCESOS` :  */


GRANT SELECT, INSERT, DELETE, REFERENCES, UPDATE ON PROCESOS TO SYSDBA WITH GRANT OPTION;


/* Privileges for the `PROYECTOS` :  */


GRANT SELECT, INSERT, DELETE, REFERENCES, UPDATE ON PROYECTOS TO SYSDBA WITH GRANT OPTION;


/* Privileges for the `REGISTRO` :  */


GRANT SELECT, INSERT, DELETE, REFERENCES, UPDATE ON REGISTRO TO SYSDBA WITH GRANT OPTION;


/* Privileges for the `SERIE` :  */


GRANT SELECT, INSERT, DELETE, REFERENCES, UPDATE ON SERIE TO SYSDBA WITH GRANT OPTION;


/* Privileges for the `TIPOCONTROL` :  */


GRANT SELECT, INSERT, DELETE, REFERENCES, UPDATE ON TIPOCONTROL TO SYSDBA WITH GRANT OPTION;


/* Privileges for the `TIPOHALLAZGO` :  */


GRANT SELECT, INSERT, DELETE, REFERENCES, UPDATE ON TIPOHALLAZGO TO SYSDBA WITH GRANT OPTION;


/* Privileges for the `TOLERANCIAS` :  */


GRANT SELECT, INSERT, DELETE, REFERENCES, UPDATE ON TOLERANCIAS TO SYSDBA WITH GRANT OPTION;


/* Privileges for the `UBICACION` :  */


GRANT SELECT, INSERT, DELETE, REFERENCES, UPDATE ON UBICACION TO SYSDBA WITH GRANT OPTION;


/* Privileges for the `UNIDADES` :  */


GRANT SELECT, INSERT, DELETE, REFERENCES, UPDATE ON UNIDADES TO SYSDBA WITH GRANT OPTION;


/* Privileges for the `VALORMEDICION` :  */


GRANT SELECT, INSERT, DELETE, REFERENCES, UPDATE ON VALORMEDICION TO SYSDBA WITH GRANT OPTION;

/* Privileges for the `REPORTE_CALIDAD` :  */


GRANT SELECT, INSERT, DELETE, REFERENCES, UPDATE ON REPORTE_CALIDAD TO SYSDBA WITH GRANT OPTION;


/* Privileges for the `VISTA_EMPLEADOS` :  */


GRANT SELECT, INSERT, DELETE, REFERENCES, UPDATE ON VISTA_EMPLEADOS TO SYSDBA WITH GRANT OPTION;


/* Privileges for the `VISTA_MEDIDAS` :  */


GRANT SELECT, INSERT, DELETE, REFERENCES, UPDATE ON VISTA_MEDIDAS TO SYSDBA WITH GRANT OPTION;

/* Privileges for the `ACTUALIZAR_MEDIDA` :  */


GRANT EXECUTE ON PROCEDURE ACTUALIZAR_MEDIDA TO SYSDBA;


/* Privileges for the `ACTUALIZAR_MEDIDA_HERRAMIENTA` :  */


GRANT EXECUTE ON PROCEDURE ACTUALIZAR_MEDIDA_HERRAMIENTA TO SYSDBA;


/* Privileges for the `ACTUALIZAR_PNP` :  */


GRANT EXECUTE ON PROCEDURE ACTUALIZAR_PNP TO SYSDBA;


/* Privileges for the `AGREGAR_ARTICULO` :  */


GRANT EXECUTE ON PROCEDURE AGREGAR_ARTICULO TO SYSDBA;


/* Privileges for the `AGREGAR_CONTROLES` :  */


GRANT EXECUTE ON PROCEDURE AGREGAR_CONTROLES TO SYSDBA;


/* Privileges for the `AGREGAR_CONTROLES_PROCESOS` :  */


GRANT EXECUTE ON PROCEDURE AGREGAR_CONTROLES_PROCESOS TO SYSDBA;


/* Privileges for the `AGREGAR_ELEMENTO` :  */


GRANT EXECUTE ON PROCEDURE AGREGAR_ELEMENTO TO SYSDBA;


/* Privileges for the `AGREGAR_ELEMENTO_CABECERA` :  */


GRANT EXECUTE ON PROCEDURE AGREGAR_ELEMENTO_CABECERA TO SYSDBA;


/* Privileges for the `AGREGAR_PROCESOS` :  */


GRANT EXECUTE ON PROCEDURE AGREGAR_PROCESOS TO SYSDBA;


/* Privileges for the `ARTICULOS_ID_AUTOINC` :  */


GRANT EXECUTE ON PROCEDURE ARTICULOS_ID_AUTOINC TO SYSDBA;


/* Privileges for the `BORRA_PROCESO` :  */


GRANT EXECUTE ON PROCEDURE BORRA_PROCESO TO SYSDBA;


/* Privileges for the `BORRAR_INSTRUMENTOS_AUXILIAR` :  */


GRANT EXECUTE ON PROCEDURE BORRAR_INSTRUMENTOS_AUXILIAR TO SYSDBA;


/* Privileges for the `BORRAR_PIEZA` :  */


GRANT EXECUTE ON PROCEDURE BORRAR_PIEZA TO SYSDBA;


/* Privileges for the `CARGO_ID_AUTOINC` :  */


GRANT EXECUTE ON PROCEDURE CARGO_ID_AUTOINC TO SYSDBA;


/* Privileges for the `CLIENTE_ID_AUTOINC` :  */


GRANT EXECUTE ON PROCEDURE CLIENTE_ID_AUTOINC TO SYSDBA;


/* Privileges for the `CONTROLES_ID_AUTOINC` :  */


GRANT EXECUTE ON PROCEDURE CONTROLES_ID_AUTOINC TO SYSDBA;


/* Privileges for the `CONTROLEXTERNO_ID_AUTOINC` :  */


GRANT EXECUTE ON PROCEDURE CONTROLEXTERNO_ID_AUTOINC TO SYSDBA;


/* Privileges for the `COTA_ID_AUTOINC` :  */


GRANT EXECUTE ON PROCEDURE COTA_ID_AUTOINC TO SYSDBA;


/* Privileges for the `COTACONTROLADA_ID_AUTOINC` :  */


GRANT EXECUTE ON PROCEDURE COTACONTROLADA_ID_AUTOINC TO SYSDBA;


/* Privileges for the `DESTINATARIO_ID_AUTOINC` :  */


GRANT EXECUTE ON PROCEDURE DESTINATARIO_ID_AUTOINC TO SYSDBA;


/* Privileges for the `ELEMENTOS_ID_AUTOINC` :  */


GRANT EXECUTE ON PROCEDURE ELEMENTOS_ID_AUTOINC TO SYSDBA;


/* Privileges for the `EMAIL_ID_AUTOINC` :  */


GRANT EXECUTE ON PROCEDURE EMAIL_ID_AUTOINC TO SYSDBA;


/* Privileges for the `EMAILEXTERNO_ID_AUTOINC1` :  */


GRANT EXECUTE ON PROCEDURE EMAILEXTERNO_ID_AUTOINC1 TO SYSDBA;


/* Privileges for the `EMAILINTERNO_ID_AUTOINC` :  */


GRANT EXECUTE ON PROCEDURE EMAILINTERNO_ID_AUTOINC TO SYSDBA;


/* Privileges for the `EMPLEADOS_ID_AUTOINC` :  */


GRANT EXECUTE ON PROCEDURE EMPLEADOS_ID_AUTOINC TO SYSDBA;


/* Privileges for the `EMPLEADOS_ID_AUTOINC1` :  */


GRANT EXECUTE ON PROCEDURE EMPLEADOS_ID_AUTOINC1 TO SYSDBA;


/* Privileges for the `ENCABEZADOPROCESOS_ID_AUTOINC` :  */


GRANT EXECUTE ON PROCEDURE ENCABEZADOPROCESOS_ID_AUTOINC TO SYSDBA;


/* Privileges for the `ESTADO_ID_AUTOINC` :  */


GRANT EXECUTE ON PROCEDURE ESTADO_ID_AUTOINC TO SYSDBA;


/* Privileges for the `FORMULARIOS_ID_AUTOINC` :  */


GRANT EXECUTE ON PROCEDURE FORMULARIOS_ID_AUTOINC TO SYSDBA;


/* Privileges for the `HALLAZGOS_ID_AUTOINC` :  */


GRANT EXECUTE ON PROCEDURE HALLAZGOS_ID_AUTOINC TO SYSDBA;


/* Privileges for the `INSTRUMENTOS_ID_AUTOINC` :  */


GRANT EXECUTE ON PROCEDURE INSTRUMENTOS_ID_AUTOINC TO SYSDBA;


/* Privileges for the `INSTRUMENTOSMEDIDAS_ID_AUTOINC` :  */


GRANT EXECUTE ON PROCEDURE INSTRUMENTOSMEDIDAS_ID_AUTOINC TO SYSDBA;


/* Privileges for the `INTRUMENTOSINTERNOS_ID_AUTOINC` :  */


GRANT EXECUTE ON PROCEDURE INTRUMENTOSINTERNOS_ID_AUTOINC TO SYSDBA;


/* Privileges for the `LUGAR_ID_AUTOINC` :  */


GRANT EXECUTE ON PROCEDURE LUGAR_ID_AUTOINC TO SYSDBA;


/* Privileges for the `MARCA_ID_AUTOINC` :  */


GRANT EXECUTE ON PROCEDURE MARCA_ID_AUTOINC TO SYSDBA;


/* Privileges for the `MEDICIONES_ID_AUTOINC` :  */


GRANT EXECUTE ON PROCEDURE MEDICIONES_ID_AUTOINC TO SYSDBA;


/* Privileges for the `MODELO_ID_AUTOINC` :  */


GRANT EXECUTE ON PROCEDURE MODELO_ID_AUTOINC TO SYSDBA;


/* Privileges for the `NIVEL_ID_AUTOINC` :  */


GRANT EXECUTE ON PROCEDURE NIVEL_ID_AUTOINC TO SYSDBA;


/* Privileges for the `NOMBREPROCESO_ID_AUTOINC` :  */


GRANT EXECUTE ON PROCEDURE NOMBREPROCESO_ID_AUTOINC TO SYSDBA;


/* Privileges for the `PATRON_ID_AUTOINC` :  */


GRANT EXECUTE ON PROCEDURE PATRON_ID_AUTOINC TO SYSDBA;


/* Privileges for the `PLANILLAMEDICION_ID_AUTOINC` :  */


GRANT EXECUTE ON PROCEDURE PLANILLAMEDICION_ID_AUTOINC TO SYSDBA;


/* Privileges for the `PROCESOS_ID_AUTOINC` :  */


GRANT EXECUTE ON PROCEDURE PROCESOS_ID_AUTOINC TO SYSDBA;


/* Privileges for the `PROYECTOS_ID_AUTOINC` :  */


GRANT EXECUTE ON PROCEDURE PROYECTOS_ID_AUTOINC TO SYSDBA;


/* Privileges for the `REGISTRO_ID_AUTOINC` :  */


GRANT EXECUTE ON PROCEDURE REGISTRO_ID_AUTOINC TO SYSDBA;


/* Privileges for the `SERIE_ID_AUTOINC` :  */


GRANT EXECUTE ON PROCEDURE SERIE_ID_AUTOINC TO SYSDBA;


/* Privileges for the `TARTICULOS_ID_AUTOINC` :  */


GRANT EXECUTE ON PROCEDURE TARTICULOS_ID_AUTOINC TO SYSDBA;


/* Privileges for the `TIPOCONTROL_ID_AUTOINC` :  */


GRANT EXECUTE ON PROCEDURE TIPOCONTROL_ID_AUTOINC TO SYSDBA;


/* Privileges for the `TIPOHALLAZGO_ID_AUTOINC` :  */


GRANT EXECUTE ON PROCEDURE TIPOHALLAZGO_ID_AUTOINC TO SYSDBA;


/* Privileges for the `TOLERANCIAS_ID_AUTOINC` :  */


GRANT EXECUTE ON PROCEDURE TOLERANCIAS_ID_AUTOINC TO SYSDBA;


/* Privileges for the `TOLERANCIAS_IDPROCESO_AUTOINC` :  */


GRANT EXECUTE ON PROCEDURE TOLERANCIAS_IDPROCESO_AUTOINC TO SYSDBA;


/* Privileges for the `UBICACION_ID_AUTOINC` :  */


GRANT EXECUTE ON PROCEDURE UBICACION_ID_AUTOINC TO SYSDBA;


/* Privileges for the `UNIDADES_ID_AUTOINC` :  */


GRANT EXECUTE ON PROCEDURE UNIDADES_ID_AUTOINC TO SYSDBA;


/* Privileges for the `VALORMEDICION_ID_AUTOINC` :  */


GRANT EXECUTE ON PROCEDURE VALORMEDICION_ID_AUTOINC TO SYSDBA;

